case_id,sanctioned_state,sanctioning_state,begin,end,length,trade,descr_trade,arms,military,financial,travel,other,objective,success
1,Afghanistan,"EU, Cyprus, Czech Republic, Estonia, Hungary, Latvia, Lithuania, Malta, Poland, Slovakia, Slovenia, Bulgaria, Romania, Turkey, Iceland, Liechtenstein, Norway",2002,2019,18,0,,1,1,1,1,1,"terrorism,end_war","ongoing,ongoing"
2,Afghanistan,"EU, Cyprus, Malta, Turkey, Croatia, North Macedonia, Montenegro, Iceland, Albania, Serbia, Bosnia and Herzegovina, Liechtenstein, Norway, Ukraine, Moldova, Armenia, Georgia, Switzerland",1996,2001,6,0,,1,1,0,0,0,"terrorism,end_war","failed,failed"
3,Afghanistan,"EU, Cyprus, Malta, Turkey, Croatia, North Macedonia, Montenegro, Iceland, Albania, Serbia, Bosnia and Herzegovina, Liechtenstein, Norway, Ukraine, Moldova, Armenia, Georgia, Switzerland",2001,2002,2,1,exp_part,1,1,1,1,1,"terrorism,end_war,other","failed,nego_settlement,failed"
4,Afghanistan,"EU, Turkey, Croatia, North Macedonia, Montenegro, Iceland, Albania, Bosnia and Herzegovina, Serbia, Liechtenstein, Norway, Ukraine, Moldova, Armenia, Georgia",1999,2001,3,0,,0,0,1,0,1,"terrorism,end_war","failed,failed"
5,Afghanistan,"EU, Turkey, Croatia, North Macedonia, Montenegro, Iceland, Albania, Bosnia and Herzegovina, Serbia, Liechtenstein, Norway, Ukraine, Moldova, Armenia, Georgia",2011,2019,9,0,,1,1,1,1,0,terrorism,ongoing
6,Afghanistan,UN,1996,2000,5,0,,1,0,0,0,0,"terrorism,end_war","failed,failed"
7,Afghanistan,UN,1999,2002,4,0,,0,0,1,0,1,"terrorism,human_rights","failed,failed"
8,Afghanistan,UN,2000,2002,3,1,exp_part,1,1,1,1,1,terrorism,failed
9,Afghanistan,UN,2002,2019,18,0,,1,1,1,1,1,"terrorism,end_war","ongoing,ongoing"
10,Afghanistan,US,1979,1979,1,0,,0,1,1,0,0,human_rights,failed
11,Afghanistan,US,1996,2002,7,0,,1,0,0,0,0,"terrorism,end_war","failed,success_part"
12,Afghanistan,US,1999,2002,4,1,"exp_part, imp_part",0,0,1,0,1,terrorism,success_part
13,Afghanistan,US,2011,2019,9,0,,1,1,0,0,0,terrorism,ongoing
14,Albania,China,1978,1983,6,1,"exp_compl, imp_compl",0,1,1,1,0,policy_change,success_total
15,Albania,Greece,1994,1994,1,0,,0,1,1,0,1,human_rights,success_total
16,Albania,Russia,1960,1960,1,1,exp_part,0,0,0,0,0,policy_change,failed
17,Albania,Russia,1961,1965,5,1,"exp_compl, imp_compl",0,0,1,1,1,policy_change,failed
18,"Albania, Montenegro, Liechtenstein, Iceland",Russia,2015,2019,5,1,imp_part,0,0,0,0,0,policy_change,ongoing
19,Algeria,EU,1992,1994,3,0,,0,0,1,0,0,democracy,success_part
20,Algeria,EU,1992,1994,3,1,exp_part,0,0,0,0,0,"human_rights,democracy,terrorism","success_part,success_part,failed"
21,Algeria,France,1965,1971,7,1,imp_part,0,0,1,0,0,other,nego_settlement
22,Algeria,US,1962,1962,1,0,,0,0,1,0,0,"policy_change,destab_regime","failed,failed"
23,Algeria,US,1992,2002,11,0,,1,1,0,0,0,"human_rights,democracy,terrorism","success_part,success_part,failed"
24,Angola,UN,1993,2002,10,1,exp_part,1,1,0,0,0,end_war,success_total
25,Angola,UN,1997,2002,6,1,exp_part,0,0,0,1,1,end_war,success_total
26,Angola,UN,1998,2002,5,1,imp_part,0,0,1,0,0,end_war,success_total
27,Angola,US,1986,1992,7,1,imp_part,1,0,1,0,0,destab_regime,success_part
28,Angola,US,1993,2003,11,1,"exp_part, imp_part",1,0,1,0,0,"human_rights,democracy,end_war","success_part,success_part,success_total"
29,Antigua and Barbuda,US,2001,2003,3,0,,0,0,1,0,0,other,success_total
30,Argentina,Australia,1982,1982,1,1,imp_compl,0,0,0,0,1,"territorial_conflict,end_war,human_rights","failed,failed,failed"
31,Argentina,Canada,1982,1982,1,1,imp_compl,1,0,1,0,0,end_war,success_total
32,Argentina,EU,1982,1982,1,1,imp_compl,1,0,0,0,0,end_war,success_total
33,Argentina,Iran,2003,2007,5,1,exp_part,0,0,0,0,0,terrorism,success_total
34,Argentina,New Zealand,1982,1982,1,1,"exp_compl, imp_compl",0,0,0,0,0,"territorial_conflict,end_war,human_rights","failed,failed,failed"
35,Argentina,Norway,1982,1982,1,1,imp_compl,0,0,0,0,0,end_war,success_total
36,Argentina,Switzerland,1982,1982,1,0,,1,0,0,0,0,"territorial_conflict,end_war,human_rights","failed,failed,failed"
37,Argentina,UK,1982,1982,1,0,,0,0,1,0,0,territorial_conflict,failed
38,Argentina,UK,1982,1985,4,1,imp_compl,0,0,0,0,0,territorial_conflict,success_total
39,Argentina,UK,1982,1989,8,0,,0,0,0,0,1,"territorial_conflict,end_war,human_rights","nego_settlement,nego_settlement,success_total"
40,Argentina,US,1977,1989,13,1,exp_part,1,1,1,0,0,human_rights,success_total
41,Armenia,Azerbaijan,1989,2019,31,1,"exp_compl, imp_compl",0,0,0,1,1,territorial_conflict,ongoing
42,Armenia,Turkey,1993,2019,27,1,"exp_compl, imp_compl",0,0,0,1,1,end_war,ongoing
43,Australia,France,1995,1995,1,0,,0,0,1,0,0,policy_change,failed
44,Australia,Russia,2014,2019,6,1,imp_part,0,0,0,0,0,policy_change,ongoing
45,Australia,Russia,1954,1959,6,1,imp_part,0,0,0,1,1,other,failed
46,Austria,EU,2000,2000,1,0,,0,0,0,0,1,destab_regime,failed
47,Austria,US,2000,2000,1,0,,0,0,0,0,1,destab_regime,failed
48,Azerbaijan,CSCE,1992,2019,28,0,,1,0,0,0,0,end_war,ongoing
49,Azerbaijan,US,1992,2002,11,0,,0,1,1,0,0,end_war,failed
50,Balkans,US,2001,2019,19,0,,0,0,1,0,0,prevent_war,ongoing
51,Belarus,"Belgium, France, Germany, Italy, Luxembourg, Netherlands, Denmark, Ireland, UK, Greece, Spain, Austria, Finland, Sweden",2002,2003,2,0,,0,0,0,1,0,"human_rights,democracy","failed,failed"
52,Belarus,Canada,2006,2016,11,1,exp_part,0,0,0,0,0,human_rights,success_total
53,Belarus,"EU, Bulgaria, Cyprus, Czech Republic, Estonia, Hungary, Iceland, Norway, Romania, Slovakia, Slovenia",1998,1999,2,0,,0,0,0,1,0,policy_change,success_part
54,Belarus,"EU, Croatia, North Macedonia, Montenegro, Bosnia and Herzegovina, Iceland, Albania, Serbia, Liechtenstein, Norway",2006,2011,6,0,,0,0,1,1,0,"democracy,human_rights","failed,failed"
55,Belarus,"EU, Croatia, North Macedonia, Montenegro, Bosnia and Herzegovina, Iceland, Albania, Serbia, Liechtenstein, Norway",2011,2016,6,1,exp_part,1,1,1,1,0,"democracy,human_rights","success_total,success_part"
56,Belarus,Russia,2010,2010,1,1,exp_part,0,0,0,0,0,other,success_total
57,Belarus,Switzerland,2006,2016,11,0,,0,0,1,1,0,"democracy,human_rights","success_total,success_part"
58,Belarus,US,1998,1999,2,0,,0,0,0,0,1,policy_change,success_part
59,Belarus,US,2002,2003,2,0,,0,0,0,1,0,"human_rights,democracy","failed,failed"
60,Belarus,US,2004,2006,3,0,,0,0,1,0,0,"human_rights,democracy","failed,failed"
61,Belarus,US,2006,2019,14,1,"exp_part, imp_part",0,0,1,1,0,"democracy,human_rights","ongoing,ongoing"
62,Belize,EU,2001,2004,4,1,imp_part,0,0,0,0,0,other,success_total
63,Belize,EU,2014,2014,1,1,imp_part,0,0,0,0,0,other,success_total
64,Belize,US,1997,2004,8,1,imp_part,0,0,0,0,0,other,success_total
65,Belize,US,2012,2019,8,1,"exp_part, imp_part",0,0,1,0,0,other,ongoing
66,Belize,US,2018,2019,2,0,,0,0,1,0,0,"human_rights,other","ongoing,ongoing"
67,Benin,EU,2009,2017,9,0,,0,0,0,0,1,other,success_total
68,Benin,US,2003,2005,3,0,,0,1,0,0,0,policy_change,success_total
69,Bolivia,US,1978,1978,1,0,,0,1,0,0,0,"destab_regime,democracy",nego_settlement
70,Bolivia,US,1979,1982,4,0,,0,1,1,0,0,democracy,success_part
71,Bosnia and Herzegovina,"EU, Turkey, Montenegro, Albania, Liechtenstein, Armenia, Georgia, Iceland, Norway",2011,2019,9,0,,0,0,1,1,0,prevent_war,ongoing
72,Bosnia and Herzegovina,FRY,1994,1995,2,1,"exp_compl, imp_compl",1,0,0,1,0,prevent_war,success_total
73,Brazil,NAFTA,2001,2001,1,1,imp_part,0,0,0,0,0,other,failed
74,Brazil,US,1962,1964,3,0,,0,1,1,0,0,destab_regime,success_total
75,Brazil,US,1978,1981,4,1,exp_part,0,0,0,0,0,prevent_war,nego_settlement
76,Bulgaria,EU,2008,2019,12,0,,0,0,1,0,0,other,success_part
77,Bulgaria,Turkey,1985,1992,8,0,,0,0,0,0,1,human_rights,success_total
78,Bulgaria,Turkey,1989,1992,4,0,,0,0,0,1,0,human_rights,success_total
79,Bulgaria,US,1950,1959,10,0,,0,0,0,1,0,destab_regime,success_part
80,Bulgaria,US,1950,1963,14,0,,0,0,1,0,0,destab_regime,success_part
81,Bulgaria,US,1950,1966,17,0,,0,0,0,0,1,destab_regime,failed
82,Bulgaria,US,1989,1990,2,0,,0,0,0,0,1,human_rights,success_total
83,Burkina Faso,US,2018,2019,2,0,,0,0,1,0,0,terrorism,ongoing
84,Burundi,Belgium,1996,2005,10,0,,0,1,0,0,0,"end_war,democracy,human_rights","success_total,success_total,success_total"
85,Burundi,Belgium,2015,2019,5,0,,0,0,1,0,0,"democracy,human_rights","ongoing,ongoing"
86,Burundi,"Democratic Republic of the Congo, Eritrea, Ethiopia, Kenya, Rwanda, Tanzania, Uganda, Zambia",1996,1999,4,1,"exp_compl, imp_compl",1,0,0,0,0,"democracy,human_rights","nego_settlement,nego_settlement"
87,Burundi,EU,1996,1999,4,0,,0,0,1,0,0,end_war,nego_settlement
88,Burundi,EU,1997,2001,5,0,,0,0,1,0,0,"end_war,democracy,human_rights","success_total,success_total,success_total"
89,Burundi,EU,2015,2019,5,0,,0,0,1,1,0,"human_rights,prevent_war","ongoing,ongoing"
90,Burundi,EU,2016,2019,4,0,,0,0,1,0,0,"democracy,human_rights","ongoing,ongoing"
91,Burundi,France,1996,2005,10,0,,0,1,0,0,0,"end_war,democracy,human_rights","success_total,success_total,success_total"
92,Burundi,Organisation of African Unity,1996,1999,4,1,"exp_compl, imp_compl",0,0,1,0,0,"democracy,human_rights","nego_settlement,nego_settlement"
93,Burundi,US,1995,1999,5,0,,0,0,1,0,0,end_war,nego_settlement
94,Burundi,US,1996,1999,4,0,,0,0,1,0,0,democracy,nego_settlement
95,Burundi,US,2015,2019,5,0,,0,0,1,1,0,"human_rights,prevent_war","ongoing,ongoing"
96,Burundi,US,2016,2019,4,1,"exp_part, imp_part",0,0,1,0,0,"end_war,democracy,human_rights","ongoing,ongoing,ongoing"
97,Cambodia,Australia,1975,1992,18,0,,0,0,1,0,0,"destab_regime,end_war","success_part,success_part"
98,Cambodia,Australia,1997,1997,1,0,,0,1,1,0,0,democracy,success_part
99,Cambodia,Australia,2018,2019,2,0,,0,0,1,0,0,"democracy,human_rights","ongoing,ongoing"
100,Cambodia,EU,1997,1999,3,0,,0,0,1,0,0,"human_rights,democracy","success_part,success_part"
101,Cambodia,EU,2017,2018,2,0,,0,0,1,0,0,"democracy,human_rights","success_part,success_part"
102,Cambodia,Germany,1975,1979,5,0,,0,0,0,0,1,destab_regime,success_part
103,Cambodia,Germany,1997,1997,1,0,,0,0,1,0,0,democracy,success_part
104,Cambodia,Japan,1968,1999,32,0,,0,0,1,0,0,"democracy,human_rights","success_part,success_part"
105,Cambodia,Japan,1975,1991,17,0,,0,0,1,0,0,"destab_regime,end_war","success_part,success_part"
106,Cambodia,Japan,1975,1992,18,0,,0,0,0,0,1,"destab_regime,end_war","success_part,success_part"
107,Cambodia,Japan,1997,1997,1,0,,0,0,1,0,0,"human_rights,democracy","success_part,success_part"
108,Cambodia,Netherlands,1997,1997,1,0,,0,0,1,0,0,democracy,success_part
109,Cambodia,Norway,1997,1997,1,0,,0,0,1,0,0,democracy,success_part
110,Cambodia,Paris Agreement Signatories,1991,1998,8,0,,1,1,0,0,0,end_war,success_part
111,Cambodia,Thailand,1977,1978,2,1,exp_part,0,0,0,0,0,"destab_regime,end_war","success_part,success_part"
112,Cambodia,UN,1992,1992,1,1,"exp_part, imp_part",0,0,0,0,0,end_war,failed
113,Cambodia,UK,1975,1991,17,0,,0,0,0,0,1,"destab_regime,end_war","success_part,success_part"
114,Cambodia,US,1975,1979,5,1,"exp_compl, imp_compl",0,0,1,0,0,"end_war,destab_regime","failed,failed"
115,Cambodia,US,1979,1989,11,1,"exp_compl, imp_compl",0,0,1,0,0,"destab_regime,end_war","failed,nego_settlement"
116,Cambodia,US,1989,1992,4,1,"exp_compl, imp_compl",0,0,1,0,0,"destab_regime,end_war","success_part,success_total"
117,Cambodia,US,1997,2007,11,0,,0,0,1,0,0,human_rights,failed
118,Cambodia,US,2017,2019,3,0,,0,0,0,1,0,policy_change,ongoing
119,Cambodia,US,2018,2019,2,0,,0,1,1,0,0,"democracy,human_rights","ongoing,ongoing"
120,Cambodia,US,2019,2019,1,0,,0,0,1,1,0,"democracy,human_rights","ongoing,ongoing"
121,Cameroon,France,1993,1993,1,0,,0,0,1,0,0,other,success_total
122,Cameroon,Germany,1992,1993,2,0,,0,0,1,0,0,human_rights,failed
123,Cameroon,US,1992,1998,7,1,imp_part,0,0,1,0,0,human_rights,failed
124,Cameroon,US,2019,2019,1,0,,0,0,1,0,0,democracy,ongoing
125,Canada,China,2003,2016,14,1,imp_part,0,0,0,0,0,other,success_total
126,Canada,Japan,2003,2006,4,1,imp_part,0,0,0,0,0,other,failed
127,Canada,South Korea,2015,2016,2,1,imp_part,0,0,0,0,0,other,success_total
128,Canada,League of Arab States,1973,1974,2,1,exp_part,0,0,0,0,0,policy_change,failed
129,Canada,League of Arab States,1979,1979,1,1,"exp_compl, imp_compl",0,0,1,0,0,policy_change,success_total
130,Canada,Mexico,2003,2016,14,1,imp_part,0,0,0,0,0,other,success_total
131,Canada,Russia,2014,2019,6,0,,0,0,0,1,0,policy_change,ongoing
132,Canada,Spain,1995,1995,1,0,,0,0,0,1,0,other,success_part
133,Canada,Taiwan,2015,2016,2,1,imp_part,0,0,0,0,0,other,success_total
134,Canada,US,2003,2005,3,1,imp_part,0,0,0,0,0,other,failed
135,Central African Republic,African Union,2003,2005,3,0,,0,0,0,0,1,human_rights,success_total
136,Central African Republic,African Union,2013,2016,4,0,,0,0,1,1,1,"human_rights,prevent_war","success_total,success_total"
137,Central African Republic,EU,2003,2005,3,0,,0,0,1,0,0,human_rights,success_total
138,Central African Republic,EU,2013,2019,7,0,,1,1,0,0,0,"end_war,democracy","ongoing,ongoing"
139,Central African Republic,Kimberly Process Participants,2013,2016,4,1,imp_part,0,0,0,0,0,end_war,failed
140,Central African Republic,UN,2013,2019,7,0,,1,1,0,0,0,human_rights,ongoing
141,Central African Republic,UN,2014,2019,6,0,,0,0,1,1,0,"human_rights,end_war","ongoing,ongoing"
142,Central African Republic,US,1996,1998,3,0,,0,0,0,0,1,democracy,success_part
143,Central African Republic,US,2002,2005,4,0,,0,0,0,0,1,democracy,success_total
144,Central African Republic,US,2003,2005,3,0,,0,0,1,0,0,human_rights,success_total
145,Central African Republic,US,2012,2014,3,0,,0,0,0,0,1,democracy,success_total
146,Central African Republic,US,2014,2019,6,0,,0,0,1,1,0,"prevent_war,human_rights","ongoing,ongoing"
147,Chad,Central African Republic,1969,1969,1,1,"exp_compl, imp_compl",0,0,0,1,0,policy_change,nego_settlement
148,Chad,US,2017,2018,2,0,,0,0,0,1,0,terrorism,failed
149,Chile,Belgium,1973,1990,18,0,,0,0,1,0,0,"democracy,human_rights","success_total,success_total"
150,Chile,Denmark,1973,1990,18,0,,0,0,1,0,0,"democracy,human_rights","success_total,success_total"
151,Chile,Germany,1973,1990,18,0,,0,0,0,0,1,"democracy,human_rights","success_total,success_total"
152,Chile,Germany,1973,1990,18,0,,1,0,1,0,0,"democracy,human_rights","success_total,success_total"
153,Chile,Mexico,1974,1990,17,0,,0,0,0,0,1,"democracy,human_rights","success_total,success_total"
154,Chile,Russia,1973,1990,18,0,,0,0,0,0,1,"democracy,human_rights","success_total,success_total"
155,Chile,"Sweden, Finland, Norway, Netherlands",1973,1990,18,0,,0,0,1,0,0,"democracy,human_rights","failed,failed"
156,Chile,UK,1974,1980,7,1,exp_part,1,0,1,0,0,"democracy,human_rights","failed,failed"
157,Chile,US,1970,1973,4,0,,0,0,1,0,0,destab_regime,success_part
158,Chile,US,1974,1983,10,0,,1,1,1,0,0,"democracy,human_rights","failed,failed"
159,Chile,US,1975,1990,16,0,,0,0,1,0,0,human_rights,success_total
160,Chile,US,1976,1990,15,0,,0,1,0,0,0,human_rights,success_total
161,Chile,US,1979,1990,12,0,,1,0,1,0,0,"human_rights,other","success_total,success_total"
162,Chile,US,1987,1991,5,0,,0,0,1,0,0,human_rights,success_total
163,Chile,US,1989,1989,1,1,exp_part,0,0,0,0,0,other,failed
164,China,Australia,1989,1989,1,0,,0,0,1,0,0,human_rights,failed
165,China,Canada,1989,1989,1,0,,0,0,1,0,0,human_rights,failed
166,China,ChinCom,1952,1958,7,1,exp_part,0,0,0,0,0,destab_regime,failed
167,China,CoCom,1950,1985,36,1,exp_part,0,0,0,0,0,destab_regime,nego_settlement
168,China,EU,1989,1992,4,0,,1,1,0,1,0,human_rights,failed
169,China,EU,1992,2019,28,0,,1,1,0,0,0,human_rights,ongoing
170,China,Germany,1989,1989,1,0,,0,0,1,0,0,human_rights,failed
171,China,Hong Kong,1951,1954,4,1,exp_part,0,0,0,0,0,destab_regime,failed
172,China,"Italy, Belgium",1989,1989,1,0,,0,0,1,0,0,destab_regime,failed
173,China,Japan,1952,1954,3,1,exp_part,0,0,0,0,0,destab_regime,failed
174,China,Japan,1989,1990,2,0,,0,0,1,0,0,democracy,success_part
175,China,Japan,1995,1997,3,0,,0,0,1,0,0,policy_change,success_total
176,China,New Zealand,1950,1956,7,1,exp_part,0,0,0,0,0,destab_regime,failed
177,China,Organization of American States,1950,1985,36,1,exp_part,0,0,0,0,0,destab_regime,failed
178,China,South Africa,1950,1985,36,1,exp_part,0,0,0,0,0,destab_regime,failed
179,China,Russia,1960,1970,11,1,"exp_part, imp_part",0,1,1,0,0,"destab_regime,territorial_conflict","success_part,nego_settlement"
180,China,UN,1951,1953,3,0,,1,0,0,0,0,"end_war,destab_regime","success_total,failed"
181,China,UK,1950,1956,7,1,exp_part,0,0,0,0,0,destab_regime,failed
182,China,US,1950,1972,23,1,"exp_compl, imp_compl",0,0,0,1,0,destab_regime,nego_settlement
183,China,US,1951,1979,29,0,,0,0,1,0,0,destab_regime,success_part
184,China,US,1989,2019,31,0,,1,1,0,0,0,human_rights,ongoing
185,China,US,1993,1994,2,1,exp_part,0,0,0,0,0,policy_change,success_total
186,China,US,2017,2019,3,1,"exp_part, imp_part",0,0,1,0,0,policy_change,ongoing
187,China,US,2019,2019,1,1,"exp_part, imp_part",0,0,0,1,0,human_rights,ongoing
188,Colombia,EU,2002,2016,15,0,,0,0,1,0,0,terrorism,success_total
189,Colombia,US,1996,1998,3,0,,0,0,1,0,0,other,failed
190,Colombia,US,2003,2003,1,0,,0,1,0,0,0,other,success_total
191,Colombia,US,2011,2014,4,1,"exp_part, imp_part",0,0,1,0,0,other,success_total
192,Colombia,US,2014,2018,5,1,"exp_part, imp_part",0,0,1,0,0,other,success_total
193,Colombia,US,2018,2019,2,0,,0,0,1,0,0,other,ongoing
194,Comecon,"Austria, Finland, Sweden, Switzerland",1950,1994,45,1,exp_part,0,0,0,0,0,"prevent_war,policy_change","success_total,failed"
195,Comecon,CoCom,1950,1994,45,1,exp_part,0,0,0,0,0,"prevent_war,policy_change","success_total,failed"
196,Costa Rica,US,2001,2006,6,0,,0,1,0,0,0,other,success_total
197,Costa Rica,US,2003,2016,14,0,,0,1,0,0,0,other,success_total
198,Croatia,US,2003,2006,4,0,,0,1,0,0,0,other,failed
199,Croatia,US,2003,2008,6,0,,0,1,0,0,0,other,failed
200,Cuba,Germany,1963,1969,7,0,,0,0,0,0,1,policy_change,failed
201,Cuba,Organization of American States,1962,2015,54,0,,0,0,0,0,1,destab_regime,nego_settlement
202,Cuba,Organization of American States,1964,1975,12,1,"exp_compl, imp_compl",0,0,0,1,1,destab_regime,failed
203,Cuba,US,1958,2019,62,0,,1,0,0,0,0,destab_regime,ongoing
204,Cuba,US,1960,1964,5,1,"exp_part, imp_part",0,0,0,0,0,destab_regime,failed
205,Cuba,US,1961,2015,55,0,,0,0,1,1,0,destab_regime,failed
206,Cuba,US,1962,2015,54,0,,0,0,1,0,0,destab_regime,failed
207,Cuba,US,1962,2019,58,1,"exp_compl, imp_compl",0,0,0,0,0,destab_regime,ongoing
208,Cuba,US,1963,1977,15,0,,0,0,1,1,0,destab_regime,failed
209,Cuba,US,1982,2015,34,0,,0,0,1,1,0,destab_regime,failed
210,Cuba,US,1992,2019,28,0,,0,0,1,1,0,destab_regime,ongoing
211,Cuba,US,1996,2019,24,0,,0,0,1,1,0,destab_regime,ongoing
212,Cyprus,Turkey,1987,2019,33,0,,0,0,0,0,1,territorial_conflict,ongoing
213,Cyprus,US,1987,2018,32,0,,1,0,0,0,0,territorial_conflict,failed
214,Cyprus,Cyprus,1974,2019,46,0,,0,0,0,0,1,territorial_conflict,ongoing
215,Democratic Republic of the Congo,Belgium,1990,1997,8,0,,0,0,1,0,0,"democracy,human_rights","success_part,success_part"
216,Democratic Republic of the Congo,Canada,1991,1998,8,0,,0,0,1,0,0,human_rights,failed
217,Democratic Republic of the Congo,Canada,1993,1997,5,0,,0,0,0,0,1,"human_rights,democracy","success_part,success_part"
218,Democratic Republic of the Congo,EU,1992,1997,6,0,,0,0,1,0,0,"democracy,human_rights","success_part,success_part"
219,Democratic Republic of the Congo,EU,1993,1997,5,0,,1,0,0,1,0,"democracy,destab_regime","failed,success_total"
220,Democratic Republic of the Congo,EU,1997,2003,7,0,,1,0,0,0,0,democracy,failed
221,Democratic Republic of the Congo,EU,2003,2005,3,0,,1,1,0,1,0,end_war,failed
222,Democratic Republic of the Congo,EU,2005,2019,15,0,,1,1,1,1,0,end_war,ongoing
223,Democratic Republic of the Congo,France,1991,1997,7,0,,0,0,1,0,0,"democracy,human_rights","success_part,success_part"
224,Democratic Republic of the Congo,Japan,1992,1997,6,0,,0,0,1,0,0,democracy,failed
225,Democratic Republic of the Congo,UN,2003,2019,17,0,,1,1,0,0,0,end_war,ongoing
226,Democratic Republic of the Congo,UN,2005,2019,15,0,,0,0,1,1,0,end_war,ongoing
227,Democratic Republic of the Congo,US,1960,1963,4,0,,0,1,0,0,0,territorial_conflict,success_total
228,Democratic Republic of the Congo,US,1990,1997,8,0,,0,1,1,0,0,human_rights,nego_settlement
229,Democratic Republic of the Congo,US,1993,1997,5,0,,1,0,1,1,0,"destab_regime,democracy","success_total,success_part"
230,Democratic Republic of the Congo,US,2006,2019,14,1,"exp_part, imp_part",0,0,1,0,0,"end_war,democracy,human_rights","ongoing,ongoing,ongoing"
231,Democratic Republic of the Congo,US,2012,2019,8,0,,0,0,1,1,0,end_war,ongoing
232,Democratic Republic of the Congo,US,2016,2019,4,0,,0,0,1,0,0,"democracy,human_rights","ongoing,ongoing"
233,Denmark,League of Arab States,1973,1974,2,1,exp_part,0,0,0,0,0,policy_change,failed
234,Dominica,US,2003,2004,2,0,,0,1,0,0,0,other,success_total
235,Dominican Republic,Organization of American States,1960,1961,2,1,exp_part,1,0,0,0,1,destab_regime,success_total
236,Dominican Republic,US,1960,1961,2,1,imp_part,0,1,0,0,0,destab_regime,success_total
237,Dominican Republic,US,1963,1963,1,0,,0,1,1,0,1,destab_regime,failed
238,Dominican Republic,US,2011,2019,9,1,"exp_part, imp_part",0,0,1,0,0,other,ongoing
239,Dominican Republic,Venezuela,1963,1963,1,0,,0,0,0,0,1,destab_regime,success_total
240,ECOWAS,ECOWAS,1998,2019,22,0,,1,0,0,0,0,prevent_war,ongoing
241,Ecuador,US,1968,1969,2,0,,1,0,0,0,0,other,failed
242,Ecuador,US,1971,1972,2,0,,0,1,1,0,0,other,failed
243,Ecuador,US,1995,1995,1,0,,1,1,0,0,0,end_war,success_part
244,Ecuador,US,1995,1998,4,0,,1,0,0,0,0,end_war,success_part
245,Ecuador,US,2013,2014,2,0,,0,0,1,0,0,destab_regime,failed
246,Egypt,African Union,2013,2014,2,0,,0,0,0,0,1,democracy,success_total
247,Egypt,Canada,2011,2016,6,0,,0,0,1,0,0,other,success_part
248,Egypt,EU,2013,2019,7,1,exp_part,1,0,0,0,0,"human_rights,democracy","ongoing,ongoing"
249,Egypt,"EU, Croatia, North Macedonia, Albania, Bosnia and Herzegovina, Serbia, Liechtenstein, Norway, Moldova, Georgia",2013,2019,7,0,,1,0,0,0,0,democracy,ongoing
250,Egypt,"EU, Croatia, North Macedonia, Albania, Montenegro, Iceland, Bosnia and Herzegovina, Serbia, Liechtenstein, Norway, Moldova, Georgia",2011,2019,9,0,,0,0,1,0,0,other,ongoing
251,Egypt,France,1967,1974,8,0,,1,0,0,0,0,territorial_conflict,failed
252,Egypt,Germany,1965,1972,8,0,,1,0,1,0,0,prevent_war,failed
253,Egypt,League of Arab States,1978,1983,6,1,"exp_part, imp_compl",0,0,1,0,1,policy_change,success_part
254,Egypt,League of Arab States,1979,1989,11,0,,0,0,0,0,1,policy_change,success_part
255,Egypt,Saudi Arabia,2016,2017,2,1,exp_part,0,0,0,0,0,democracy,failed
256,Egypt,Russia,1976,1984,9,0,,1,0,1,0,0,policy_change,failed
257,Egypt,Switzerland,2011,2019,9,0,,0,0,1,0,0,other,ongoing
258,Egypt,UK,1951,1954,4,0,,1,0,0,0,0,prevent_war,success_part
259,Egypt,US,1952,1952,1,0,,0,0,1,0,0,policy_change,failed
260,Egypt,US,1963,1964,2,0,,0,0,1,0,0,prevent_war,failed
261,Egypt,US,1964,1965,2,0,,0,0,1,0,0,"policy_change,end_war","success_total,success_part"
262,Egypt,US,1964,1965,2,0,,0,0,1,0,0,other,success_part
263,Egypt,US,2013,2015,3,0,,1,1,1,0,0,"human_rights,democracy","success_part,success_part"
264,Egypt,US,2017,2018,2,0,,0,1,0,0,0,"human_rights,democracy","success_part,success_part"
265,Egypt,"US, UK, France",1956,1957,2,0,,0,0,1,0,0,prevent_war,nego_settlement
266,El Salvador,Germany,1979,1984,6,0,,0,0,1,0,0,human_rights,success_part
267,El Salvador,US,1977,1980,4,0,,0,1,1,0,0,"human_rights,democracy","failed,success_part"
268,El Salvador,US,1990,1993,4,0,,0,1,0,0,0,"end_war,policy_change","success_total,success_total"
269,"El Salvador, Honduras",US,1969,1969,1,0,,1,0,0,0,0,prevent_war,success_total
270,Equatorial Guinea,EU,1978,1979,2,0,,0,0,1,0,0,"human_rights,democracy","failed,failed"
271,Equatorial Guinea,EU,1992,1993,2,0,,0,0,1,0,0,"democracy,human_rights","nego_settlement,failed"
272,Equatorial Guinea,EU,1993,2000,8,0,,0,0,1,0,0,"democracy,human_rights","nego_settlement,failed"
273,Equatorial Guinea,Spain,1977,1979,3,0,,0,0,0,0,1,"human_rights,democracy","failed,failed"
274,Equatorial Guinea,US,1992,1997,6,0,,0,0,1,0,0,"human_rights,democracy","success_part,success_part"
275,Eritrea,EU,1999,2001,3,0,,1,0,0,0,0,end_war,nego_settlement
276,Eritrea,EU,2010,2018,9,0,,1,1,1,1,0,end_war,success_total
277,Eritrea,Russia,2009,2018,10,1,exp_part,0,1,0,0,0,end_war,success_total
278,Eritrea,Russia,2013,2018,6,0,,1,0,0,0,0,end_war,success_total
279,Eritrea,UN,2000,2001,2,0,,1,1,0,0,0,end_war,nego_settlement
280,Eritrea,UN,2009,2018,10,0,,1,1,1,1,0,end_war,success_total
281,Eritrea,UN,2011,2018,8,1,imp_part,0,0,0,0,0,end_war,success_total
282,Eritrea,US,1977,1993,17,0,,0,0,0,0,1,policy_change,success_part
283,Eritrea,US,2007,2019,13,0,,0,0,0,1,1,policy_change,ongoing
284,Eritrea,US,2017,2019,3,0,,0,0,0,1,0,policy_change,ongoing
285,Estonia,Russia,1992,1992,1,0,,0,0,1,0,0,policy_change,failed
286,Estonia,Russia,1992,1993,2,1,exp_part,0,0,0,0,0,policy_change,failed
287,Estonia,Russia,1992,1998,7,1,"exp_part, imp_part",0,0,0,0,0,policy_change,success_total
288,Estonia,Russia,1993,1993,1,1,exp_part,0,0,0,0,0,policy_change,failed
289,"Estonia, Latvia, Lithuania",Russia,1990,1990,1,1,exp_part,0,0,0,0,0,policy_change,failed
290,Ethiopia,EU,1999,2001,3,0,,1,0,0,0,0,end_war,nego_settlement
291,Ethiopia,Eritrea,1998,2018,21,0,,0,0,0,1,1,end_war,success_total
292,Ethiopia,UN,2000,2001,2,0,,1,1,0,0,0,end_war,nego_settlement
293,Ethiopia,US,1977,1992,16,0,,0,1,1,0,0,"human_rights,destab_regime","failed,success_total"
294,EU,Argentina,1982,1982,1,1,imp_compl,0,0,0,0,0,policy_change,success_total
295,EU,Canada,1977,1978,2,1,exp_part,0,0,0,0,0,policy_change,success_total
296,EU,Canada,1996,2015,20,1,imp_part,0,0,0,0,0,other,success_total
297,EU,Russia,2014,2019,6,1,imp_part,0,0,0,0,0,policy_change,ongoing
298,EU,Turkey,1997,1998,2,0,,0,0,0,0,1,policy_change,success_total
299,Fiji,Australia,1987,1987,1,1,exp_compl,0,0,0,1,1,policy_change,success_part
300,Fiji,Australia,1987,1988,2,0,,0,0,1,0,0,democracy,success_part
301,Fiji,Australia,1987,1992,6,0,,0,1,0,0,0,democracy,success_total
302,Fiji,Australia,2000,2000,1,1,exp_compl,0,0,0,1,1,democracy,success_part
303,Fiji,Australia,2000,2001,2,0,,0,1,1,1,0,democracy,success_part
304,Fiji,Australia,2006,2014,9,0,,0,1,0,1,0,democracy,success_total
305,Fiji,Australia,2011,2014,4,0,,1,0,0,0,0,democracy,success_total
306,Fiji,"Australia, New Zealand",2009,2012,4,0,,0,0,0,1,1,"human_rights,democracy","success_part,success_part"
307,Fiji,Commonwealth,1987,1997,11,0,,0,0,0,0,1,democracy,success_part
308,Fiji,Commonwealth,2000,2001,2,0,,0,0,0,0,1,democracy,success_total
309,Fiji,Commonwealth,2006,2014,9,0,,0,0,0,0,1,democracy,success_total
310,Fiji,EU,2000,2003,4,0,,0,0,1,0,0,democracy,success_total
311,Fiji,EU,2007,2015,9,1,exp_part,0,0,1,0,0,democracy,success_part
312,Fiji,India,1987,1998,12,1,"exp_compl, imp_compl",0,0,0,0,1,democracy,success_total
313,Fiji,New Zealand,1987,1987,1,1,exp_compl,0,0,0,1,1,policy_change,success_part
314,Fiji,New Zealand,1987,1988,2,0,,0,0,1,0,0,democracy,success_part
315,Fiji,New Zealand,1987,1992,6,0,,0,1,0,0,0,democracy,success_total
316,Fiji,New Zealand,2000,2000,1,1,exp_compl,0,0,0,1,1,democracy,success_part
317,Fiji,New Zealand,2000,2001,2,0,,0,1,1,1,0,democracy,success_total
318,Fiji,New Zealand,2006,2014,9,0,,0,1,1,1,0,democracy,success_part
319,Fiji,Pacific Islands Forum,2009,2014,6,0,,0,0,0,0,1,democracy,success_total
320,Fiji,UK,2000,2001,2,0,,0,1,1,0,0,democracy,success_part
321,Fiji,UK,2000,2003,4,1,exp_part,1,0,0,0,0,democracy,success_total
322,Fiji,US,1987,1988,2,0,,0,0,1,0,1,democracy,success_part
323,Fiji,US,1987,1992,6,0,,0,1,0,0,0,democracy,success_total
324,Fiji,US,2000,2014,15,0,,1,1,1,1,1,democracy,success_total
325,Fiji,US,2003,2003,1,0,,0,1,0,0,0,other,success_total
326,Fiji,US,2006,2014,9,0,,0,0,1,0,0,democracy,success_total
327,Fiji,US,2006,2014,9,0,,0,1,0,0,0,democracy,success_total
328,Finland,Russia,1958,1959,2,1,"exp_part, imp_part",0,0,0,0,1,destab_regime,success_total
329,France,Australia,1983,1986,4,1,exp_part,0,0,0,0,0,prevent_war,failed
330,France,Australia,1984,1986,3,1,exp_part,0,0,0,0,0,prevent_war,failed
331,France,Australia,1988,1995,8,1,exp_part,0,0,0,0,0,prevent_war,success_total
332,France,Australia,1988,1996,9,1,exp_part,0,0,0,0,0,prevent_war,success_total
333,France,Australia,1995,1996,2,1,imp_part,0,1,0,0,0,prevent_war,success_total
334,France,China,1992,1994,3,0,,0,0,0,0,1,other,success_part
335,France,China,1993,1994,2,1,imp_part,0,0,0,0,0,prevent_war,success_part
336,France,Denmark,1995,1995,1,1,imp_part,0,0,0,0,0,policy_change,success_total
337,France,Japan,1995,1995,1,1,imp_part,0,0,0,0,0,prevent_war,success_part
338,France,Kiribati,1995,1995,1,0,,0,0,0,0,1,prevent_war,success_part
339,France,Nauru,1995,1997,3,0,,0,0,0,0,1,prevent_war,success_total
340,France,New Zealand,1995,1996,2,1,imp_part,0,1,0,0,0,prevent_war,success_total
341,France,"Norway, Sweden",1995,1995,1,1,imp_part,0,0,0,0,0,prevent_war,success_part
342,France,UK,1995,1996,2,1,imp_part,0,0,0,0,0,policy_change,success_total
343,France,US,1982,1982,1,0,,0,0,0,0,1,policy_change,failed
344,France,US,1985,1985,1,1,imp_part,0,0,0,0,0,policy_change,failed
345,France,US,1995,1996,2,1,imp_part,0,0,0,0,0,policy_change,success_total
346,France,US,1998,2017,20,1,imp_part,0,0,0,0,0,other,success_total
347,France,US,2003,2003,1,1,imp_part,0,0,0,0,0,policy_change,success_total
348,Gambia,EU,1994,1998,5,0,,0,1,1,0,0,democracy,success_part
349,Gambia,EU,2014,2017,4,0,,0,0,1,0,0,human_rights,success_total
350,Gambia,Japan,1994,1997,4,0,,0,0,1,0,0,democracy,success_part
351,Gambia,UK,1994,1995,2,0,,0,1,1,1,0,democracy,nego_settlement
352,Gambia,US,1994,2002,9,0,,0,1,1,0,0,democracy,success_total
353,Gambia,US,2016,2017,2,0,,0,0,0,1,0,policy_change,success_total
354,Gambia,US,2017,2019,3,0,,0,0,1,0,0,human_rights,ongoing
355,Georgia,Russia,2006,2011,6,1,"exp_compl, imp_compl",0,0,0,1,1,"other,policy_change","nego_settlement,nego_settlement"
356,Georgia,Russia,2006,2013,8,1,imp_part,0,0,0,0,0,"other,policy_change","success_total,success_total"
357,Georgia,Russia,2006,2013,8,1,imp_part,0,0,0,0,0,"other,policy_change","success_total,success_total"
358,Georgia,Russia,2009,2011,3,1,exp_part,1,0,0,0,0,prevent_war,success_part
359,Germany,Germany,1949,1973,25,0,,0,0,0,0,1,territorial_conflict,success_total
360,Germany,Germany,1961,1989,29,0,,0,0,0,1,0,territorial_conflict,success_total
361,Germany,US,1954,1974,21,0,,0,0,0,0,1,territorial_conflict,success_total
362,Germany,League of Arab States,1965,1979,15,0,,0,0,0,0,1,policy_change,success_part
363,Germany,US,1977,1977,1,1,exp_part,0,0,0,0,0,policy_change,failed
364,Ghana,US,2018,2019,2,1,"exp_part, imp_part",0,0,1,0,0,terrorism,ongoing
365,Ghana,US,2019,2019,1,0,,0,0,0,1,0,policy_change,ongoing
366,Greece,US,1967,1970,4,0,,1,0,0,0,0,"human_rights,democracy","success_total,success_total"
367,Greece,US,1967,1972,6,0,,0,1,0,0,0,"human_rights,democracy","success_total,success_total"
368,Greece,US,2013,2019,7,1,"exp_part, imp_part",0,0,1,0,0,policy_change,ongoing
369,Grenada,Organization of Eastern Carribean States,1983,1983,1,1,"exp_compl, imp_compl",0,0,0,1,1,democracy,success_total
370,Guatemala,EU,1993,1993,1,0,,0,0,1,0,0,democracy,success_total
371,Guatemala,Germany,1993,1993,1,0,,0,0,1,0,0,democracy,success_total
372,Guatemala,Japan,1993,1993,1,0,,0,0,1,0,0,democracy,success_total
373,Guatemala,US,1954,1954,1,0,,1,0,0,0,0,"human_rights,democracy","success_total,success_total"
374,Guatemala,US,1977,1984,8,0,,0,0,1,0,0,human_rights,success_part
375,Guatemala,US,1977,1986,10,0,,0,1,0,0,0,human_rights,success_part
376,Guatemala,US,1978,1983,6,0,,1,0,0,0,0,human_rights,success_part
377,Guatemala,US,1990,2005,16,0,,0,1,0,0,1,human_rights,success_total
378,Guatemala,US,1993,1993,1,0,,0,0,1,0,0,democracy,success_total
379,Guatemala,US,1993,1993,1,0,,0,1,1,0,0,democracy,success_total
380,Guatemala,US,2011,2019,9,0,,0,0,1,0,0,other,ongoing
381,Guinea,African Union,2009,2010,2,0,,0,0,1,1,1,democracy,success_total
382,Guinea,ECOWAS,2009,2011,3,0,,1,0,0,0,1,"democracy,human_rights","success_total,success_total"
383,Guinea,EU,2002,2006,5,0,,0,0,1,0,0,human_rights,success_part
384,Guinea,EU,2008,2013,6,0,,0,0,1,0,0,human_rights,success_total
385,Guinea,"EU, Turkey, Croatia, North Macedonia, Montenegro, Albania, Bosnia and Herzegovina, Serbia, Liechtenstein, Norway, Ukraine, Moldova, Armenia, Georgia, Iceland",2009,2014,6,1,exp_part,1,1,1,1,0,human_rights,success_total
386,Guinea,"EU, Turkey, Croatia, North Macedonia, Montenegro, Albania, Bosnia and Herzegovina, Serbia, Liechtenstein, Norway, Ukraine, Moldova, Armenia, Georgia, Iceland",2014,2019,6,0,,0,0,1,1,0,human_rights,ongoing
387,Guinea,Switzerland,2009,2010,2,0,,1,0,0,1,0,human_rights,failed
388,Guinea,Switzerland,2010,2014,5,1,exp_part,1,1,1,1,0,human_rights,success_part
389,Guinea,Switzerland,2014,2019,6,0,,0,0,1,1,0,human_rights,ongoing
390,Guinea,US,2003,2004,2,0,,0,1,0,0,0,other,success_total
391,Guinea,US,2009,2010,2,0,,0,0,1,0,0,democracy,success_total
392,Guinea,US,2009,2011,3,0,,0,0,1,1,0,democracy,success_total
393,Guinea,US,2017,2019,3,0,,0,0,0,1,0,policy_change,ongoing
394,Guinea-Bissau,African Union,2012,2014,3,0,,0,0,0,0,1,democracy,success_total
395,Guinea-Bissau,ECOWAS,2012,2019,8,0,,0,0,1,1,1,democracy,ongoing
396,Guinea-Bissau,ECOWAS,2018,2019,2,0,,0,0,1,1,0,policy_change,ongoing
397,Guinea-Bissau,EU,2012,2014,3,0,,0,0,1,1,0,democracy,success_total
398,Guinea-Bissau,Switzerland,2012,2019,8,0,,0,0,1,1,0,democracy,ongoing
399,Guinea-Bissau,UN,2012,2019,8,0,,0,0,0,1,0,democracy,ongoing
400,Guinea-Bissau,US,2003,2004,2,0,,0,1,0,0,0,democracy,success_total
401,Guinea-Bissau,US,2012,2014,3,0,,0,0,1,0,0,democracy,success_total
402,Haiti,Canada,1991,1994,4,1,"exp_compl, imp_compl",0,0,0,0,0,democracy,success_total
403,Haiti,EU,2001,2005,5,0,,0,0,1,0,0,democracy,failed
404,Haiti,France,1991,1994,4,0,,0,0,1,0,0,"human_rights,democracy","success_total,success_total"
405,Haiti,Organization of American States,1991,1994,4,1,"exp_compl, imp_compl",1,1,1,0,0,democracy,success_total
406,Haiti,UN,1993,1994,2,1,exp_part,1,1,1,0,0,democracy,success_total
407,Haiti,UN,1994,1994,1,0,,0,0,0,1,1,democracy,success_total
408,Haiti,US,1962,1964,3,0,,0,0,1,0,0,destab_regime,failed
409,Haiti,US,1986,1986,1,0,,0,0,1,0,0,human_rights,success_part
410,Haiti,US,1987,1990,4,0,,0,1,1,0,0,"human_rights,democracy","success_total,success_total"
411,Haiti,US,1991,1994,4,1,"exp_compl, imp_compl",1,1,1,0,0,democracy,success_total
412,Haiti,US,1993,1994,2,0,,0,0,1,1,0,democracy,success_total
413,Haiti,US,1994,1994,1,0,,0,0,1,0,0,democracy,success_total
414,Haiti,US,1994,2019,26,0,,1,1,0,0,0,"democracy,policy_change","ongoing,ongoing"
415,Haiti,US,2001,2004,4,0,,0,0,1,0,0,human_rights,success_total
416,Haiti,Venezuela,1991,1994,4,1,exp_part,0,0,0,0,0,democracy,success_total
417,Honduras,EU,2009,2009,1,0,,0,0,1,0,1,democracy,success_part
418,Honduras,Organization of American States,2009,2011,3,0,,0,0,0,0,1,democracy,success_total
419,Honduras,US,2009,2009,1,0,,0,1,1,1,0,democracy,success_part
420,Honduras,US,2019,2019,1,0,,0,0,0,1,0,policy_change,ongoing
421,Honduras,Venezuela,2009,2009,1,1,exp_part,0,0,0,0,0,human_rights,nego_settlement
422,Hungary,US,1951,1973,23,0,,0,0,1,1,1,human_rights,nego_settlement
423,ICC Rome Statute Signatories,US,2002,2008,7,0,,0,1,0,0,0,policy_change,failed
424,India,Australia,1998,2001,4,0,,0,1,1,0,0,prevent_war,failed
425,India,Canada,1974,2008,35,1,"exp_part, imp_part",0,0,1,0,0,prevent_war,nego_settlement
426,India,Canada,1998,2001,4,0,,1,0,0,0,0,prevent_war,failed
427,India,"Denmark, Netherlands, Sweden, Germany",1998,2001,4,0,,0,0,1,0,0,prevent_war,failed
428,India,G8,1998,1999,2,0,,0,0,1,0,0,prevent_war,failed
429,India,Japan,1998,2001,4,0,,0,0,1,0,0,prevent_war,failed
430,India,UK,1965,1967,3,0,,1,0,0,0,0,end_war,success_part
431,India,US,1965,1967,3,0,,0,1,1,0,0,end_war,success_total
432,India,US,1971,1971,1,0,,1,1,1,0,0,end_war,success_total
433,India,US,1974,2008,35,1,exp_part,0,1,1,0,0,policy_change,success_total
434,India,US,1978,1982,5,1,exp_part,0,0,0,0,0,prevent_war,success_part
435,India,US,1998,2001,4,1,exp_part,1,1,1,0,0,prevent_war,failed
436,"India, Pakistan","US, UK",1965,1966,2,0,,1,0,0,0,0,end_war,success_total
437,Indonesia,Australia,2011,2011,1,1,exp_part,0,0,0,0,0,other,success_total
438,Indonesia,Australia,2018,2019,2,0,,0,0,1,0,0,"democracy,human_rights","ongoing,ongoing"
439,Indonesia,Canada,1991,1991,1,0,,0,0,1,0,0,human_rights,nego_settlement
440,Indonesia,Denmark,1991,1991,1,0,,0,0,1,0,0,human_rights,nego_settlement
441,Indonesia,EU,1999,2000,2,1,exp_part,1,1,0,0,0,human_rights,success_part
442,Indonesia,Malaysia,1963,1967,5,1,"exp_compl, imp_compl",0,0,0,0,1,territorial_conflict,success_total
443,Indonesia,Netherlands,1991,1996,6,0,,0,0,1,0,0,human_rights,nego_settlement
444,Indonesia,US,1963,1966,4,0,,0,1,1,0,0,prevent_war,success_total
445,Indonesia,US,1964,1966,3,0,,1,0,0,0,0,"human_rights,democracy","success_part,success_part"
446,Indonesia,US,1992,1995,4,0,,0,1,0,0,0,human_rights,nego_settlement
447,Indonesia,US,1994,1997,4,0,,1,0,0,0,0,human_rights,failed
448,Indonesia,US,1999,2005,7,0,,1,1,0,0,0,human_rights,failed
449,Indonesia,US,1999,2010,12,0,,0,1,0,0,0,"human_rights,democracy","failed,failed"
450,Indonesia,US,2011,2019,9,1,"exp_part, imp_part",0,0,1,0,0,terrorism,ongoing
451,Iran,Australia,2008,2016,9,1,"exp_part, imp_part",1,1,1,1,0,prevent_war,success_total
452,Iran,Canada,2010,2016,7,1,exp_part,1,0,1,0,0,prevent_war,success_total
453,Iran,Canada,2011,2016,6,1,exp_part,0,0,0,0,0,prevent_war,success_total
454,Iran,Canada,2012,2016,5,0,,0,0,0,0,1,"terrorism,prevent_war,human_rights","failed,success_total,failed"
455,Iran,Canada,2012,2016,5,1,"exp_part, imp_part",0,0,1,0,0,"prevent_war,human_rights","success_total,failed"
456,Iran,Canada,2013,2016,4,1,"exp_compl, imp_compl",0,0,1,0,0,prevent_war,success_total
457,Iran,Canada,2016,2019,4,1,exp_part,0,0,1,0,0,prevent_war,ongoing
458,Iran,EU,2007,2016,10,0,,1,0,0,0,0,prevent_war,success_total
459,Iran,EU,2012,2016,5,1,exp_part,0,0,0,0,0,human_rights,failed
460,Iran,"EU, Croatia, North Macedonia, Montenegro, Iceland, Albania, Bosnia and Herzegovina, Liechtenstein, Norway, Ukraine, Moldova",2012,2016,5,1,"exp_part, imp_part",0,0,1,0,0,human_rights,failed
461,Iran,"EU, Croatia, North Macedonia, Montenegro, Iceland, Liechtenstein, Norway, Moldova",2011,2016,6,0,,0,0,1,1,0,human_rights,failed
462,Iran,Japan,2006,2016,11,1,imp_part,0,0,0,0,0,prevent_war,success_part
463,Iran,South Korea,2010,2012,3,1,imp_part,0,0,0,0,0,prevent_war,failed
464,Iran,South Korea,2018,2019,2,1,imp_part,0,0,0,0,0,prevent_war,ongoing
465,Iran,Switzerland,2011,2016,6,1,"exp_part, imp_part",0,0,1,1,0,prevent_war,success_total
466,Iran,Switzerland,2016,2016,1,1,exp_part,0,0,0,1,0,prevent_war,success_total
467,Iran,UN,2006,2016,11,1,"exp_part, imp_part",0,0,1,1,0,prevent_war,success_total
468,Iran,UN,2007,2016,10,0,,1,0,0,0,0,prevent_war,success_total
469,Iran,UN,2008,2016,9,0,,0,0,0,1,0,prevent_war,success_total
470,Iran,UN,2010,2016,7,1,exp_part,1,1,1,0,0,prevent_war,success_total
471,Iran,US,1979,1981,3,1,imp_part,0,0,1,0,0,other,success_total
472,Iran,US,1980,1981,2,1,imp_part,0,0,0,0,0,terrorism,failed
473,Iran,US,1984,2016,33,1,exp_part,1,0,1,0,0,"terrorism,human_rights","failed,failed"
474,Iran,US,1987,1995,9,1,imp_compl,0,0,0,0,0,terrorism,failed
475,Iran,US,1995,2016,22,1,"exp_compl, imp_compl",0,0,0,0,0,"prevent_war,terrorism","success_total,failed"
476,Iran,US,1996,2019,24,1,exp_part,0,0,0,0,0,terrorism,ongoing
477,Iran,US,2017,2019,3,0,,0,0,0,1,0,terrorism,ongoing
478,Iran,US,2019,2019,1,0,,0,0,1,0,0,terrorism,ongoing
479,Iraq,EU,1990,2003,14,1,exp_part,1,1,1,0,0,end_war,success_total
480,Iraq,EU,2003,2004,2,0,,1,0,0,0,0,prevent_war,success_total
481,Iraq,EU,2004,2019,16,0,,1,0,0,0,0,"terrorism,end_war,prevent_war","ongoing,ongoing,ongoing"
482,Iraq,UN,1990,2003,14,1,"exp_compl, imp_compl",1,1,1,0,1,end_war,success_total
483,Iraq,UN,1991,2003,13,1,"exp_compl, imp_compl",1,1,1,0,1,prevent_war,failed
484,Iraq,UN,1997,1998,2,0,,0,0,0,1,0,policy_change,success_total
485,Iraq,UN,2003,2004,2,0,,1,0,1,0,0,prevent_war,success_total
486,Iraq,UN,2004,2010,7,0,,1,0,1,0,0,prevent_war,success_total
487,Iraq,UN,2010,2019,10,0,,1,0,0,0,0,prevent_war,ongoing
488,Iraq,US,1980,1990,11,1,exp_part,0,0,0,0,0,prevent_war,failed
489,Iraq,US,1990,2003,14,0,,0,0,1,0,0,"terrorism,end_war,prevent_war","success_part,success_total,failed"
490,Iraq,US,1997,2009,13,0,,0,0,0,1,0,"terrorism,end_war,prevent_war","success_total,success_total,success_total"
491,Iraq,US,2017,2017,1,0,,0,0,0,1,0,terrorism,failed
492,Iraq,US,2019,2019,1,1,"exp_part, imp_part",0,0,1,0,0,"democracy,human_rights","ongoing,ongoing"
493,Ireland,US,1998,2014,17,1,imp_part,0,0,0,0,0,other,success_total
494,Israel,Egypt,1950,1957,8,1,"exp_compl, imp_compl",0,0,0,0,1,prevent_war,failed
495,Israel,Egypt,1959,1979,21,1,"exp_compl, imp_compl",0,0,0,0,1,territorial_conflict,nego_settlement
496,Israel,France,1950,1955,6,0,,1,0,0,0,0,prevent_war,failed
497,Israel,France,1967,1974,8,0,,1,0,0,0,0,territorial_conflict,failed
498,Israel,League of Arab States,1950,2019,70,1,"exp_compl, imp_compl",0,0,0,0,0,territorial_conflict,ongoing
499,Israel,Organisation of African Unity,1973,1974,2,1,exp_compl,0,0,0,0,0,policy_change,failed
500,Israel,"Spain, UK",2014,2019,6,1,exp_part,1,0,0,0,0,prevent_war,ongoing
501,Israel,UK,1982,1994,13,0,,1,0,0,0,0,end_war,failed
502,Israel,US,1956,1983,28,0,,1,1,1,0,0,end_war,failed
503,Italy,Turkey,1998,1999,2,1,imp_part,0,0,0,0,0,other,success_total
504,Ivory Coast,African Union,2010,2011,2,0,,0,0,0,0,1,"end_war,democracy","success_total,success_total"
505,Ivory Coast,Canada,2000,2001,2,0,,0,0,1,0,0,democracy,success_part
506,Ivory Coast,Canada,2005,2017,13,0,,1,1,1,1,0,end_war,success_total
507,Ivory Coast,ECOWAS,2010,2011,2,0,,0,0,0,0,1,end_war,success_total
508,Ivory Coast,EU,1998,2002,5,0,,0,0,1,0,0,democracy,success_part
509,Ivory Coast,"EU, Turkey, Croatia, North Macedonia, Montenegro, Iceland, Albania, Bosnia and Herzegovina, Serbia, Liechtenstein, Norway, Ukraine, Moldova, Armenia, Georgia",2005,2016,12,1,exp_part,1,0,1,1,0,"end_war,human_rights","success_total,success_total"
510,Ivory Coast,"EU, Turkey, Croatia, North Macedonia, Montenegro, Iceland, Albania, Bosnia and Herzegovina, Serbia, Liechtenstein, Norway, Ukraine, Moldova, Armenia, Georgia",2011,2016,6,0,,0,0,1,1,0,"end_war,human_rights","success_total,success_total"
511,Ivory Coast,France,2000,2002,3,0,,0,1,1,0,0,democracy,success_part
512,Ivory Coast,UN,2004,2016,13,0,,1,1,1,1,0,"end_war,human_rights","success_total,success_total"
513,Ivory Coast,UN,2005,2014,10,1,"exp_part, imp_part",0,0,0,0,0,"end_war,human_rights","success_part,success_part"
514,Ivory Coast,US,2000,2002,3,0,,1,0,1,0,0,democracy,success_part
515,Ivory Coast,US,2006,2017,12,0,,0,0,1,0,0,"end_war,human_rights","success_total,success_total"
516,Jamaica,US,2011,2019,9,1,"exp_part, imp_part",0,0,1,0,0,other,ongoing
517,Japan,Canada,1977,1978,2,1,exp_part,0,0,0,0,0,prevent_war,success_total
518,Japan,League of Arab States,1973,1974,2,1,exp_part,0,0,0,0,0,policy_change,failed
519,Jordan,"Egypt, Syria",1957,1958,2,1,"exp_compl, imp_compl",0,0,1,0,0,policy_change,failed
520,Jordan,France,1967,1974,8,0,,1,0,0,0,0,prevent_war,failed
521,Jordan,Saudi Arabia,1990,1991,2,1,exp_part,0,0,1,0,1,policy_change,failed
522,Jordan,US,1990,1993,4,0,,0,1,1,0,0,policy_change,success_total
523,Kazakhstan,Russia,1994,1995,2,1,"exp_part, imp_part",0,0,0,0,0,other,success_total
524,Kenya,Canada,1992,1993,2,0,,0,0,1,0,0,"other,democracy","nego_settlement,success_total"
525,Kenya,Denmark,1991,1993,3,0,,0,0,1,0,0,"other,democracy","nego_settlement,success_total"
526,Kenya,"France, Germany, UK",1992,1993,2,0,,0,0,1,0,0,"other,democracy","nego_settlement,success_total"
527,Kenya,Japan,1992,1993,2,0,,0,0,1,0,0,"other,democracy","nego_settlement,success_total"
528,Kenya,Norway,1990,2002,13,0,,0,0,1,0,0,human_rights,success_total
529,Kenya,UN,2012,2019,8,0,,1,1,1,1,0,terrorism,ongoing
530,Kenya,US,1990,1993,4,0,,0,1,1,0,0,"democracy,human_rights","success_total,success_total"
531,Kuwait,Japan,1990,1991,2,1,"exp_compl, imp_part",0,0,0,0,0,end_war,success_total
532,Kuwait,UN,1990,1991,2,1,"exp_compl, imp_compl",1,1,1,0,0,end_war,success_total
533,Kuwait,US,1990,1991,2,1,"exp_part, imp_part",0,0,1,0,0,end_war,success_total
534,Kyrgyzstan,Uzbekistan,1998,1998,1,1,exp_part,0,0,0,0,0,other,failed
535,Kyrgyzstan,Uzbekistan,1999,2000,2,1,exp_part,0,0,0,0,0,other,failed
536,Kyrgyzstan,Uzbekistan,2000,2000,1,1,exp_part,0,0,0,0,0,other,failed
537,Kyrgyzstan,Uzbekistan,2001,2001,1,1,exp_part,0,0,0,0,0,other,failed
538,Kyrgyzstan,Uzbekistan,2005,2006,2,1,exp_part,0,0,0,0,0,other,failed
539,Kyrgyzstan,Uzbekistan,2010,2010,1,1,exp_part,0,0,0,0,0,other,failed
540,Kyrgyzstan,Uzbekistan,2013,2014,2,1,exp_part,0,0,0,0,0,other,failed
541,Kyrgyzstan,Uzbekistan,2014,2014,1,1,exp_part,0,0,0,0,0,other,failed
542,Laos,Thailand,1975,1976,2,1,"exp_compl, imp_compl",0,0,0,1,0,"destab_regime,end_war","failed,failed"
543,Laos,Thailand,1977,1978,2,1,"exp_compl, imp_compl",0,0,0,1,0,"destab_regime,end_war","failed,failed"
544,Laos,US,1958,1958,1,0,,0,0,1,0,0,other,success_total
545,Laos,US,1962,1962,1,0,,0,0,1,0,0,destab_regime,success_total
546,Laos,US,1975,1995,21,0,,0,0,1,0,0,policy_change,nego_settlement
547,Laos,US,2018,2019,2,0,,0,0,0,1,0,other,ongoing
548,Latvia,Russia,1992,1998,7,1,"exp_part, imp_part",0,0,0,0,0,human_rights,success_total
549,League of Arab States,US,1976,2019,44,0,,0,0,1,0,0,policy_change,ongoing
550,Lebanon,EU,2006,2019,14,0,,1,1,1,0,0,end_war,ongoing
551,Lebanon,Israel,1995,1995,1,1,"exp_part, imp_part",0,0,0,1,1,"territorial_conflict,end_war","failed,failed"
552,Lebanon,Israel,2006,2006,1,1,"exp_part, imp_part",0,0,0,1,1,"territorial_conflict,end_war","failed,failed"
553,Lebanon,Libya,2003,2012,10,0,,0,0,0,0,1,other,failed
554,Lebanon,UN,2005,2007,3,0,,0,0,1,1,0,terrorism,failed
555,Lebanon,UN,2006,2019,14,0,,1,1,0,0,0,end_war,ongoing
556,Lebanon,US,1984,1992,9,0,,1,1,1,0,0,end_war,success_total
557,Lebanon,US,1985,1997,13,0,,0,0,0,1,0,other,success_total
558,Lebanon,US,2007,2019,13,0,,0,0,1,0,0,democracy,ongoing
559,Lebanon,US,2018,2019,2,1,"exp_part, imp_part",0,0,1,0,0,terrorism,ongoing
560,Lesotho,South Africa,1983,1984,2,1,"exp_compl, imp_compl",1,0,0,0,0,policy_change,nego_settlement
561,Lesotho,South Africa,1986,1986,1,1,"exp_compl, imp_compl",0,0,0,0,0,policy_change,failed
562,Lesotho,UK,1970,1970,1,0,,0,0,1,0,1,"destab_regime,democracy,human_rights","success_total,success_total,success_total"
563,Lesotho,US,2003,2006,4,0,,0,1,0,0,0,other,success_total
564,Liberia,Canada,2016,2017,2,0,,1,1,1,1,0,prevent_war,success_total
565,Liberia,ECOWAS,1992,1997,6,1,imp_part,1,0,1,1,1,end_war,success_total
566,Liberia,EU,2001,2016,16,1,imp_part,1,1,0,1,0,end_war,success_total
567,Liberia,UN,1992,2001,10,0,,1,0,0,0,0,end_war,failed
568,Liberia,UN,2001,2003,3,0,,1,1,0,1,0,end_war,success_total
569,Liberia,UN,2001,2007,7,1,imp_part,0,0,0,0,0,end_war,success_total
570,Liberia,UN,2003,2006,4,1,imp_part,0,0,0,0,0,"policy_change,human_rights,prevent_war","success_part,success_part,success_part"
571,Liberia,UN,2003,2015,13,0,,1,1,0,1,0,prevent_war,success_total
572,Liberia,UN,2004,2015,12,0,,0,0,1,0,0,"prevent_war,democracy","success_part,success_total"
573,Liberia,UN,2015,2016,2,0,,1,1,0,0,0,prevent_war,success_total
574,Liberia,US,2004,2015,12,1,"exp_part, imp_part",0,0,1,0,0,prevent_war,success_total
575,Libya,Australia,2011,2019,9,0,,1,1,1,1,0,human_rights,ongoing
576,Libya,Canada,2011,2019,9,1,"exp_part, imp_part",1,1,1,0,0,"human_rights,destab_regime","ongoing,ongoing"
577,Libya,EU,1986,1992,7,0,,1,0,0,1,0,terrorism,ongoing
578,Libya,EU,1992,2004,13,0,,1,0,0,1,0,terrorism,nego_settlement
579,Libya,"EU, Croatia, North Macedonia, Montenegro, Iceland, Albania, Bosnia and Herzegovina, Serbia, Liechtenstein, Norway, Moldova, Armenia, Georgia",2011,2019,9,1,exp_part,0,0,1,1,0,human_rights,ongoing
580,Libya,Gambia,2011,2012,2,0,,0,0,1,0,0,"destab_regime,democracy,human_rights","success_total,success_total,success_total"
581,Libya,League of Arab States,2011,2011,1,0,,0,0,0,0,1,human_rights,success_total
582,Libya,Switzerland,2011,2019,9,1,exp_part,0,0,1,1,0,human_rights,ongoing
583,Libya,UN,1992,2003,12,1,exp_part,1,1,0,1,1,policy_change,success_total
584,Libya,UN,1993,2003,11,1,exp_part,0,0,1,0,0,policy_change,success_total
585,Libya,UN,2011,2019,9,0,,1,1,1,1,1,human_rights,ongoing
586,Libya,UK,1984,1999,16,0,,0,0,0,0,1,other,failed
587,Libya,US,1978,2004,27,1,exp_part,1,0,0,0,0,terrorism,failed
588,Libya,US,1981,2004,24,1,exp_part,0,0,0,1,0,prevent_war,success_part
589,Libya,US,1982,2004,23,1,"exp_part, imp_part",0,0,0,0,0,destab_regime,failed
590,Libya,US,1986,2004,19,1,"exp_part, imp_part",0,0,1,0,0,"terrorism,destab_regime","failed,failed"
591,Libya,US,1996,2019,24,1,exp_part,0,0,0,0,0,terrorism,ongoing
592,Libya,US,2011,2019,9,0,,0,0,1,0,1,human_rights,ongoing
593,Libya,US,2016,2019,4,0,,0,0,0,1,0,human_rights,ongoing
594,Libya,US,2017,2019,3,0,,0,0,0,1,0,terrorism,ongoing
595,Lithuania,Russia,1992,1992,1,1,exp_part,0,0,0,0,0,other,failed
596,Lithuania,Russia,2013,2014,2,1,imp_part,0,0,0,0,0,other,failed
597,Lithuania,Russia,1990,1990,1,1,exp_part,0,0,0,0,0,"territorial_conflict,policy_change","failed,success_total"
598,Madagascar,African Union,2009,2014,6,0,,0,0,0,0,1,democracy,success_total
599,Madagascar,EU,2010,2014,5,0,,0,0,1,0,0,democracy,success_total
600,Madagascar,SADC,2009,2014,6,0,,0,0,0,0,1,democracy,success_total
601,Malawi,Canada,1992,1993,2,0,,0,0,1,0,0,democracy,success_total
602,Malawi,"Denmark, France, Germany, Portugal, Italy",1992,1993,2,0,,0,0,1,0,0,democracy,success_total
603,Malawi,"EU, US, Norway",2001,2003,3,0,,0,0,1,0,0,policy_change,success_total
604,Malawi,Japan,1992,1993,2,0,,0,0,1,0,0,democracy,success_total
605,Malawi,Japan,2018,2019,2,0,,0,0,1,0,0,other,ongoing
606,Malawi,UK,1992,1993,2,0,,0,0,1,0,0,democracy,success_total
607,Malawi,UK,2011,2012,2,0,,0,0,1,0,0,human_rights,success_total
608,Malawi,UK,2014,2019,6,0,,0,0,1,0,0,other,ongoing
609,Malawi,US,1992,1993,2,0,,0,0,1,0,0,democracy,success_total
610,Malawi,US,2003,2003,1,0,,0,1,0,0,0,other,success_total
611,Malaysia,Indonesia,1963,1966,4,1,"exp_compl, imp_compl",0,0,0,0,0,territorial_conflict,success_total
612,Mali,African Union,2012,2012,1,0,,0,0,0,0,1,democracy,success_part
613,Mali,Algeria,2012,2012,1,0,,0,1,0,0,0,"democracy,human_rights","success_part,success_part"
614,Mali,ECOWAS,2012,2012,1,0,,0,0,1,1,1,democracy,success_part
615,Mali,EU,2012,2013,2,0,,0,0,1,0,0,democracy,success_part
616,Mali,France,2012,2012,1,0,,0,1,0,0,0,democracy,success_part
617,Mali,UN,2017,2019,3,0,,0,0,1,1,0,"democracy,human_rights","ongoing,ongoing"
618,Mali,US,2012,2013,2,0,,0,1,1,1,0,democracy,success_part
619,Mali,US,2013,2013,1,1,"exp_part, imp_part",0,0,1,0,0,terrorism,success_total
620,Mali,US,2019,2019,1,0,,0,0,1,1,0,"democracy,human_rights,terrorism","ongoing,ongoing,ongoing"
621,Malta,UK,1971,1971,1,0,,0,1,1,0,0,policy_change,nego_settlement
622,Mauritania,African Union,2005,2007,3,0,,0,0,0,0,1,democracy,success_total
623,Mauritania,African Union,2008,2009,2,0,,0,0,0,0,1,democracy,success_total
624,Mauritania,African Union,2009,2009,1,0,,0,0,1,1,0,"democracy,human_rights","success_total,success_total"
625,Mauritania,EU,2005,2006,2,0,,0,0,1,0,0,"democracy,human_rights","success_total,success_total"
626,Mauritania,EU,2009,2009,1,0,,0,0,1,0,0,"democracy,human_rights","success_total,success_total"
627,Mauritania,US,2008,2009,2,0,,0,0,1,1,0,"democracy,human_rights","success_total,success_total"
628,Moldova,"EU, Turkey, Croatia, North Macedonia, Montenegro, Albania, Bosnia and Herzegovina, Serbia, Liechtenstein, Norway, Armenia, Georgia, Azerbaijan",2003,2019,17,0,,0,0,0,1,0,policy_change,ongoing
629,Moldova,Russia,2006,2007,2,1,imp_part,0,0,0,0,0,"other,policy_change","failed,failed"
630,Moldova,Russia,2013,2019,7,1,imp_part,0,0,0,0,0,"other,policy_change","ongoing,ongoing"
631,Moldova,US,2012,2019,8,1,"exp_part, imp_part",0,0,1,0,0,other,ongoing
632,Mozambique,"US, Italy, Sweden",1970,1971,2,0,,0,0,1,0,0,other,success_total
633,Myanmar,Australia,1991,2018,28,0,,1,0,1,1,0,democracy,success_total
634,Myanmar,Australia,2012,2019,8,0,,1,1,1,0,0,human_rights,ongoing
635,Myanmar,Canada,2007,2012,6,1,"exp_compl, imp_compl",1,0,1,0,1,human_rights,success_part
636,Myanmar,Canada,2012,2019,8,0,,1,1,1,0,0,human_rights,ongoing
637,Myanmar,China,1967,1971,5,0,,0,0,1,0,0,human_rights,nego_settlement
638,Myanmar,EU,1991,1992,2,0,,1,0,1,0,0,human_rights,ongoing
639,Myanmar,EU,1992,1996,5,0,,1,0,1,0,0,human_rights,failed
640,Myanmar,"EU, Croatia, North Macedonia, Montenegro, Iceland, Albania, Bosnia and Herzegovina, Liechtenstein, Norway, Moldova, Armenia",1996,2000,5,0,,1,0,1,1,0,human_rights,failed
641,Myanmar,"EU, Croatia, North Macedonia, Montenegro, Iceland, Albania, Bosnia and Herzegovina, Liechtenstein, Norway, Moldova, Armenia",2000,2003,4,1,exp_part,1,1,1,1,0,human_rights,failed
642,Myanmar,"EU, Croatia, North Macedonia, Montenegro, Iceland, Albania, Bosnia and Herzegovina, Liechtenstein, Norway, Moldova, Armenia",2003,2010,8,1,exp_part,1,1,1,1,0,human_rights,failed
643,Myanmar,"EU, Croatia, North Macedonia, Montenegro, Iceland, Albania, Bosnia and Herzegovina, Liechtenstein, Norway, Moldova, Armenia",2010,2013,4,1,"exp_part, imp_part",1,1,1,1,0,human_rights,success_part
644,Myanmar,"EU, Croatia, North Macedonia, Montenegro, Iceland, Serbia, Albania, Bosnia and Herzegovina, Liechtenstein, Norway, Moldova, Armenia",2013,2019,7,1,exp_part,1,1,0,0,0,human_rights,ongoing
645,Myanmar,Germany,1989,2013,25,0,,0,0,1,0,0,human_rights,success_part
646,Myanmar,Japan,1988,1989,2,0,,0,0,1,0,0,"human_rights,democracy","success_part,success_total"
647,Myanmar,Japan,2007,2008,2,0,,0,0,1,0,0,"democracy,human_rights","failed,failed"
648,Myanmar,Switzerland,2000,2006,7,1,exp_part,1,1,0,1,0,human_rights,failed
649,Myanmar,Switzerland,2006,2012,7,1,exp_part,1,1,1,1,0,human_rights,success_part
650,Myanmar,Switzerland,2012,2019,8,0,,1,1,0,0,0,human_rights,ongoing
651,Myanmar,US,1988,2016,29,0,,1,0,1,0,0,human_rights,success_total
652,Myanmar,US,1989,2016,28,1,imp_part,0,0,0,0,0,human_rights,success_total
653,Myanmar,US,1990,2016,27,1,imp_compl,0,0,0,0,0,human_rights,success_part
654,Myanmar,US,1997,2016,20,0,,0,0,1,1,0,human_rights,success_total
655,Myanmar,US,2003,2016,14,1,exp_part,0,0,1,0,0,human_rights,success_total
656,Myanmar,US,2007,2016,10,1,"exp_part, imp_part",0,0,1,0,0,human_rights,success_part
657,Myanmar,US,2008,2016,9,1,imp_part,0,0,0,0,0,human_rights,success_total
658,Myanmar,US,2018,2019,2,0,,0,0,0,1,0,other,ongoing
659,Myanmar,US,2019,2019,1,0,,0,0,1,0,0,human_rights,ongoing
660,Nepal,India,1962,1965,4,1,exp_part,1,0,0,0,0,destab_regime,failed
661,Nepal,India,1989,1990,2,1,"exp_compl, imp_compl",0,0,0,0,0,policy_change,success_total
662,Nepal,India,2005,2005,1,0,,1,1,0,0,0,"democracy,human_rights","success_part,success_part"
663,Nepal,India,2015,2016,2,1,exp_part,0,0,0,0,0,"democracy,human_rights","success_part,success_part"
664,Nepal,UK,2005,2005,1,0,,1,1,0,0,0,"democracy,human_rights","success_part,success_part"
665,Nepal,US,2005,2005,1,0,,1,1,0,0,0,"democracy,human_rights","success_part,success_part"
666,Netherlands,Indonesia,1957,1963,7,1,"exp_compl, imp_compl",0,0,1,1,0,territorial_conflict,success_total
667,Netherlands,Indonesia,1960,1963,4,0,,0,0,0,0,1,territorial_conflict,success_total
668,Netherlands,League of Arab States,1973,1974,2,1,exp_part,0,0,0,0,0,policy_change,failed
669,New Zealand,France,1986,1986,1,1,imp_part,0,0,0,0,0,other,success_total
670,Nicaragua,US,1977,1979,3,1,exp_part,0,1,1,0,0,destab_regime,success_total
671,Nicaragua,US,1981,1989,9,0,,0,0,1,0,0,"policy_change,destab_regime","failed,success_part"
672,Nicaragua,US,1982,1990,9,0,,1,1,0,0,0,destab_regime,success_total
673,Nicaragua,US,1983,1985,3,1,imp_part,0,0,0,0,0,policy_change,failed
674,Nicaragua,US,1985,1990,6,1,"exp_compl, imp_compl",0,0,0,0,1,destab_regime,success_total
675,Nicaragua,US,1992,1995,4,0,,0,0,1,0,0,destab_regime,success_part
676,Niger,African Union,2010,2011,2,0,,0,0,0,0,1,democracy,success_total
677,Niger,Canada,1996,1997,2,0,,0,0,1,0,0,democracy,success_part
678,Niger,"Denmark, Germany",1996,1997,2,0,,0,0,1,0,0,democracy,success_part
679,Niger,ECOWAS,2009,2011,3,0,,0,0,1,0,1,democracy,success_total
680,Niger,EU,1996,1996,1,0,,0,0,1,0,0,democracy,success_part
681,Niger,EU,2009,2011,3,0,,0,0,1,0,0,democracy,success_total
682,Niger,France,1996,1996,1,0,,0,1,1,0,0,democracy,success_part
683,Niger,France,1999,2000,2,0,,0,0,1,0,0,democracy,success_total
684,Niger,US,1996,2000,5,0,,0,1,1,0,0,democracy,success_total
685,Niger,US,2009,2011,3,0,,0,0,1,1,0,destab_regime,success_total
686,Nigeria,Canada,1993,1999,7,0,,0,1,0,0,0,democracy,success_total
687,Nigeria,Commonwealth,1995,1999,5,0,,0,0,0,0,1,"democracy,human_rights","success_total,success_part"
688,Nigeria,Commonwealth,1996,1999,4,0,,1,0,1,1,0,"democracy,human_rights","success_total,success_total"
689,Nigeria,Czech Republic,1968,1970,3,0,,1,0,0,0,0,"territorial_conflict,democracy,human_rights","success_total,success_total,success_total"
690,Nigeria,EU,1993,1998,6,0,,0,0,0,1,0,democracy,success_total
691,Nigeria,EU,1993,1999,7,0,,0,1,0,0,0,democracy,success_total
692,Nigeria,EU,1995,1999,5,0,,1,0,1,0,0,"democracy,human_rights","success_total,success_total"
693,Nigeria,"Netherlands, Italy, France, Belgium",1968,1970,3,0,,1,0,0,0,0,end_war,success_total
694,Nigeria,UN,2014,2019,6,0,,1,0,1,0,0,"territorial_conflict,terrorism,democracy,human_rights","ongoing,ongoing,ongoing,ongoing"
695,Nigeria,UK,1967,1970,4,0,,1,0,0,0,0,end_war,success_total
696,Nigeria,UK,1993,1999,7,0,,0,1,1,1,0,democracy,success_total
697,Nigeria,US,1967,1970,4,0,,1,0,0,0,0,end_war,success_total
698,Nigeria,US,1993,1998,6,0,,0,0,0,1,0,democracy,success_part
699,Nigeria,US,1993,1999,7,0,,1,1,1,0,1,democracy,success_total
700,Nigeria,US,1994,1999,6,0,,0,0,1,0,0,other,success_part
701,Nigeria,US,2003,2019,17,0,,0,1,0,0,0,other,ongoing
702,Nigeria,US,2013,2019,7,1,"exp_part, imp_part",0,0,1,0,0,"territorial_conflict,terrorism,democracy,human_rights","ongoing,ongoing,ongoing,ongoing"
703,Nigeria,US,2019,2019,1,0,,0,0,0,1,0,"democracy,human_rights","ongoing,ongoing"
704,North Korea,Australia,2006,2019,14,1,"exp_part, imp_part",1,1,1,1,1,prevent_war,ongoing
705,North Korea,Burkina Faso,2017,2019,3,1,imp_compl,0,0,0,0,0,policy_change,ongoing
706,North Korea,Canada,2011,2019,9,1,"exp_compl, imp_compl",0,0,1,0,1,prevent_war,ongoing
707,North Korea,EU,2006,2019,14,1,exp_part,1,1,1,1,0,prevent_war,ongoing
708,North Korea,Japan,1983,1984,2,0,,0,0,0,1,1,"destab_regime,terrorism,prevent_war","failed,failed,failed"
709,North Korea,Japan,2006,2008,3,0,,0,0,0,1,0,prevent_war,failed
710,North Korea,Japan,2006,2019,14,1,imp_compl,0,0,1,0,1,prevent_war,ongoing
711,North Korea,Japan,2009,2019,11,1,exp_compl,0,0,0,0,0,prevent_war,ongoing
712,North Korea,South Korea,2010,2019,10,1,"exp_compl, imp_compl",0,0,0,1,1,"end_war,human_rights,democracy","ongoing,ongoing,ongoing"
713,North Korea,UN,1951,2019,69,0,,1,0,0,0,0,end_war,ongoing
714,North Korea,UN,2006,2019,14,1,"exp_part, imp_part",1,1,1,1,1,prevent_war,ongoing
715,North Korea,UN,2013,2019,7,0,,0,0,1,0,0,prevent_war,ongoing
716,North Korea,US,1950,1954,5,1,"exp_compl, imp_compl",0,0,1,0,0,end_war,success_total
717,North Korea,US,1955,2008,54,1,"exp_compl, imp_compl",0,0,1,0,0,prevent_war,failed
718,North Korea,US,2002,2006,5,1,exp_part,0,0,0,0,0,prevent_war,failed
719,North Korea,US,2008,2019,12,0,,0,0,1,0,0,prevent_war,ongoing
720,North Korea,US,2008,2019,12,1,exp_part,0,0,0,0,0,prevent_war,ongoing
721,North Korea,US,2011,2019,9,1,imp_compl,0,0,0,0,0,prevent_war,ongoing
722,North Korea,US,2017,2019,3,0,,0,0,0,1,0,terrorism,ongoing
723,North Macedonia,Greece,1994,1995,2,1,"exp_compl, imp_compl",0,0,0,0,0,territorial_conflict,nego_settlement
724,Norway,China,2010,2017,8,0,,0,0,0,0,1,"democracy,human_rights","success_part,success_part"
725,Norway,China,2010,2018,9,1,imp_part,0,0,0,1,0,policy_change,failed
726,Norway,Russia,2014,2019,6,1,imp_part,0,0,0,0,0,policy_change,ongoing
727,Pakistan,Afghanistan,1961,1963,3,0,,0,0,0,1,1,territorial_conflict,nego_settlement
728,Pakistan,Australia,1998,2001,4,0,,0,1,1,0,0,prevent_war,failed
729,Pakistan,Canada,1974,1976,3,1,exp_part,0,0,0,0,0,prevent_war,success_total
730,Pakistan,"Canada, Germany",1998,2001,4,0,,1,0,1,0,0,prevent_war,failed
731,Pakistan,Commonwealth,1999,2004,6,0,,0,0,0,0,1,democracy,success_total
732,Pakistan,Commonwealth,2007,2008,2,0,,0,0,0,0,1,democracy,success_total
733,Pakistan,G8,1998,1999,2,0,,0,0,1,0,0,prevent_war,failed
734,Pakistan,India,1949,1951,3,1,"exp_compl, imp_compl",0,0,0,0,0,policy_change,nego_settlement
735,Pakistan,India,1971,1976,6,1,"exp_compl, imp_compl",0,0,0,0,1,territorial_conflict,success_total
736,Pakistan,India,2001,2002,2,0,,0,0,0,0,1,other,nego_settlement
737,Pakistan,Japan,1998,2001,4,0,,0,0,1,0,0,prevent_war,failed
738,Pakistan,Netherlands,1998,2008,11,0,,1,0,1,0,0,prevent_war,failed
739,Pakistan,Netherlands,2007,2008,2,0,,0,0,1,0,0,"democracy,human_rights","success_total,success_total"
740,Pakistan,South Africa,1999,2001,3,0,,1,0,0,0,0,"democracy,human_rights","success_total,success_total"
741,Pakistan,UK,1999,2000,2,0,,1,0,1,0,0,democracy,failed
742,Pakistan,US,1971,1971,1,0,,1,1,1,0,0,end_war,nego_settlement
743,Pakistan,US,1979,1981,3,0,,0,1,1,0,0,prevent_war,failed
744,Pakistan,US,1990,2001,12,0,,1,1,1,0,0,prevent_war,failed
745,Pakistan,US,1993,1995,3,1,exp_part,0,0,0,0,0,policy_change,success_part
746,Pakistan,US,1998,2001,4,0,,1,1,1,0,0,prevent_war,failed
747,Pakistan,US,1999,2001,3,0,,0,0,1,0,0,democracy,failed
748,Pakistan,US,2012,2013,2,0,,0,1,1,0,0,"democracy,human_rights","success_total,success_total"
749,Pakistan,US,2018,2019,2,0,,0,1,0,0,0,"terrorism,end_war","ongoing,ongoing"
750,Pakistan,US,2019,2019,1,0,,0,0,0,1,0,policy_change,ongoing
751,"Pakistan, India",UN,1965,1975,11,0,,1,0,0,0,0,"territorial_conflict,end_war","failed,failed"
752,"Pakistan, India",UK,1965,1975,11,0,,1,1,0,0,0,"territorial_conflict,end_war","failed,failed"
753,"Pakistan, India",US,1965,1975,11,0,,1,1,0,0,0,"territorial_conflict,end_war","failed,failed"
754,Palestine,EU,2006,2007,2,0,,0,0,1,0,0,"policy_change,prevent_war,terrorism","success_total,nego_settlement,failed"
755,Palestine,League of Arab States,1950,1994,45,1,"exp_compl, imp_compl",0,0,0,0,0,territorial_conflict,failed
756,Palestine,Saudi Arabia,1990,1993,4,0,,0,0,1,0,0,policy_change,failed
757,Palestine,US,2006,2007,2,0,,0,0,1,0,0,"policy_change,prevent_war,terrorism","success_total,nego_settlement,failed"
758,Palestine,US,2012,2016,5,1,"exp_part, imp_part",0,0,1,0,0,terrorism,success_part
759,Panama,US,1968,1968,1,0,,0,0,0,0,1,"democracy,human_rights","success_total,success_total"
760,Panama,US,1987,1989,3,1,imp_part,0,1,1,0,0,"democracy,destab_regime","success_total,success_total"
761,Panama,US,1988,1989,2,0,,0,0,1,0,0,destab_regime,success_total
762,Panama,US,1989,1989,1,0,,0,0,0,0,1,destab_regime,success_total
763,Paraguay,MERCOSUR,2012,2013,2,0,,0,0,0,0,1,democracy,success_total
764,Paraguay,UNASUR,2012,2013,2,0,,0,0,0,0,1,"democracy,human_rights","success_total,success_total"
765,Paraguay,US,1977,1981,5,0,,0,1,0,0,0,human_rights,success_total
766,Peru,Canada,1992,1992,1,0,,0,0,1,0,1,democracy,success_total
767,Peru,"Germany, Spain",1992,1993,2,0,,0,0,1,0,0,democracy,success_total
768,Peru,Japan,1992,1992,1,0,,0,0,1,0,0,democracy,success_total
769,Peru,US,1962,1962,1,0,,0,1,1,0,1,destab_regime,failed
770,Peru,US,1968,1968,1,0,,0,0,0,0,1,"democracy,human_rights","success_total,success_total"
771,Peru,US,1968,1974,7,0,,0,0,1,0,0,"policy_change,other","success_total,success_total"
772,Peru,US,1992,1994,3,0,,0,1,1,0,0,"democracy,human_rights","success_total,success_part"
773,Peru,US,1995,1995,1,0,,1,1,0,0,0,end_war,nego_settlement
774,Peru,US,1995,1998,4,0,,1,0,0,0,0,end_war,success_total
775,Peru,Venezuela,1992,1992,1,0,,0,0,0,0,1,democracy,success_total
776,Peru,"Venezuela, Colombia, Costa Rica, Dominican Republic",1962,1963,2,0,,0,0,0,0,1,"democracy,human_rights","success_total,success_total"
777,Philippines,EU,2002,2019,18,0,,0,0,1,0,0,terrorism,ongoing
778,Philippines,Malaysia,1963,1964,2,0,,0,0,0,0,1,territorial_conflict,failed
779,Philippines,Malaysia,1968,1969,2,0,,0,0,0,0,1,territorial_conflict,failed
780,Philippines,Taiwan,2013,2013,1,0,,0,0,0,1,0,other,success_total
781,Philippines,US,2002,2019,18,0,,0,0,1,0,0,terrorism,ongoing
782,Poland,Belgium,1982,1984,3,0,,0,0,1,1,0,"democracy,human_rights","success_total,success_total"
783,Poland,"EU, Canada",1982,1984,3,0,,0,0,1,1,0,"democracy,human_rights","success_total,success_total"
784,Poland,Germany,1982,1984,3,0,,0,0,1,1,0,"democracy,human_rights","success_total,success_total"
785,Poland,Japan,1982,1984,3,0,,0,0,1,1,1,"democracy,human_rights","success_total,success_part"
786,Poland,NATO,1981,1984,4,0,,0,0,0,1,0,"democracy,human_rights","success_total,success_total"
787,Poland,UK,1982,1984,3,0,,0,0,1,1,0,"democracy,human_rights","success_total,success_part"
788,Poland,US,1981,1984,4,0,,0,0,0,1,1,"democracy,human_rights","success_total,success_part"
789,Poland,US,1981,1987,7,1,exp_part,0,0,1,0,0,"democracy,human_rights","success_total,success_part"
790,Poland,US,1982,1984,3,0,,0,0,0,0,1,"democracy,human_rights","success_total,success_part"
791,Poland,US,1982,1987,6,1,imp_part,0,0,0,0,0,"democracy,human_rights","success_total,success_part"
792,"Poland, Hungary, Czech Republic",US,1961,1991,31,0,,1,0,0,0,0,destab_regime,success_total
793,Portugal,India,1954,1954,1,0,,0,0,0,0,1,territorial_conflict,failed
794,Portugal,India,1954,1959,6,0,,0,0,0,1,0,territorial_conflict,failed
795,Portugal,India,1954,1961,8,0,,0,0,1,0,0,territorial_conflict,success_total
796,Portugal,India,1954,1975,22,0,,0,0,0,0,1,"territorial_conflict,democracy","success_total,success_total"
797,Portugal,India,1955,1961,7,1,"exp_compl, imp_compl",0,0,0,0,1,territorial_conflict,success_total
798,Portugal,League of Arab States,1973,1974,2,1,exp_part,0,0,0,0,0,policy_change,failed
799,Portugal,Organisation of African Unity,1963,1974,12,1,imp_compl,0,0,0,0,1,territorial_conflict,success_total
800,Portugal,Organisation of African Unity,1973,1974,2,1,exp_compl,0,0,0,0,0,territorial_conflict,success_total
801,Portugal,UN,1966,1974,9,1,imp_compl,1,0,0,0,0,policy_change,success_total
802,Qatar,Chad,2017,2018,2,0,,0,0,0,0,1,"terrorism,policy_change","failed,failed"
803,Qatar,Maldives,2017,2019,3,0,,0,0,0,0,1,"terrorism,policy_change","ongoing,ongoing"
804,Qatar,"Mauritania, Djibouti, Comoros, Jordan, Libya, Yemen, Niger",2017,2019,3,0,,0,0,0,0,1,"terrorism,policy_change","ongoing,ongoing"
805,Qatar,"Saudi Arabia, United Arab Emirates, Bahrain, Egypt",2017,2019,3,0,,0,0,0,1,1,"terrorism,policy_change","ongoing,ongoing"
806,Qatar,Senegal,2017,2017,1,0,,0,0,0,0,1,"terrorism,policy_change","failed,failed"
807,Republic of Congo,EU,1997,2001,5,0,,0,0,1,0,0,end_war,success_part
808,Romania,EU,1990,1990,1,0,,0,0,1,0,0,human_rights,success_total
809,Romania,Russia,1962,1963,2,0,,0,0,0,0,1,policy_change,failed
810,Romania,US,1957,1960,4,1,"exp_compl, imp_compl",0,0,0,0,1,"policy_change,human_rights","nego_settlement,nego_settlement"
811,Romania,US,1987,1996,10,1,imp_part,0,0,0,0,0,human_rights,success_total
812,Romania,US,1988,1991,4,0,,0,0,1,0,0,human_rights,success_part
813,Romania,US,1990,1991,2,0,,0,0,1,0,0,human_rights,success_part
814,Russia,Australia,2014,2019,6,1,exp_part,1,1,1,1,0,policy_change,ongoing
815,Russia,Canada,2014,2019,6,1,exp_part,0,0,1,0,0,policy_change,ongoing
816,Russia,EU,2014,2019,6,1,"exp_part, imp_part",1,1,1,0,0,policy_change,ongoing
817,Russia,"EU, Montenegro, Iceland, Albania, Liechtenstein, Norway, Ukraine",2014,2019,6,0,,0,0,1,1,0,policy_change,ongoing
818,Russia,"EU, Montenegro, Iceland, Albania, Liechtenstein, Norway, Ukraine",2014,2019,6,1,imp_part,0,0,0,0,0,policy_change,ongoing
819,Russia,Georgia,2008,2011,4,0,,0,0,0,0,1,end_war,success_total
820,Russia,Japan,2014,2019,6,1,imp_part,0,1,1,1,0,policy_change,ongoing
821,Russia,New Zealand,2014,2019,6,0,,0,0,1,1,1,policy_change,ongoing
822,Russia,Switzerland,2014,2019,6,0,,1,1,1,0,0,policy_change,ongoing
823,Russia,Switzerland,2014,2019,6,1,"exp_part, imp_part",1,0,1,0,0,policy_change,ongoing
824,Russia,Ukraine,1993,1996,4,1,imp_part,0,1,0,0,0,policy_change,nego_settlement
825,Russia,US,2014,2019,6,1,"exp_part, imp_part",0,0,1,1,0,"policy_change,prevent war","ongoing,ongoing"
826,Russia,EU,1991,1991,1,0,,0,0,1,0,0,policy_change,failed
827,Russia,Japan,1991,1991,1,0,,0,0,1,0,0,policy_change,failed
828,Russia,Lithuania,1990,1990,1,1,exp_part,0,0,0,0,0,"territorial_conflict,policy_change","success_total,failed"
829,Russia,NATO,1962,1966,5,1,imp_part,0,0,0,0,0,prevent_war,failed
830,Russia,UK,1991,1991,1,0,,0,0,1,0,0,policy_change,failed
831,Russia,US,1978,1987,10,1,exp_part,0,0,0,0,0,"other,human_rights","success_total,failed"
832,Russia,US,1980,1981,2,1,"exp_part, imp_part",0,0,0,0,1,policy_change,failed
833,Russia,US,1991,1991,1,0,,0,0,1,0,0,democracy,success_total
834,Russia,"US, EU",1981,1983,3,1,imp_part,0,0,0,1,0,policy_change,success_total
835,Rwanda,EU,1994,2000,7,0,,0,0,1,0,0,human_rights,nego_settlement
836,Rwanda,EU,2012,2013,2,0,,0,0,1,0,0,"policy_change,democracy,human_rights","success_total,success_total,success_total"
837,Rwanda,"Germany, Netherlands, Sweden",2012,2013,2,0,,0,0,1,0,0,"policy_change,democracy,human_rights","success_total,success_total,success_total"
838,Rwanda,South Africa,1996,1997,2,0,,1,0,0,0,0,human_rights,failed
839,Rwanda,UN,1994,1996,3,0,,1,0,0,0,0,"end_war,human_rights","success_total,success_part"
840,Rwanda,UN,1996,2008,13,0,,1,1,0,0,0,"end_war,human_rights","success_total,success_part"
841,Rwanda,UK,2012,2012,1,0,,0,0,1,0,0,"policy_change,democracy,human_rights","success_total,success_total,success_total"
842,Rwanda,US,2012,2013,2,0,,0,1,0,0,0,"policy_change,democracy,human_rights","success_total,success_total,success_total"
843,Saudi Arabia,"US, France, Germany, Canada",2018,2019,2,1,"exp_part, imp_part",0,0,1,1,0,"democracy,human_rights","ongoing,ongoing"
844,Sierra Leone,Commonwealth,1997,1998,2,0,,0,0,0,0,1,democracy,success_total
845,Sierra Leone,ECOWAS,1997,2003,7,1,"exp_compl, imp_compl",0,0,1,1,0,end_war,success_total
846,Sierra Leone,EU,1998,2010,13,0,,1,0,0,1,0,"end_war,prevent_war","success_total,success_total"
847,Sierra Leone,Liberia,2001,2003,3,1,imp_part,1,1,1,1,0,end_war,success_total
848,Sierra Leone,UN,1997,1998,2,1,exp_part,0,0,0,0,0,"democracy,human_rights,end_war","success_part,success_part,failed"
849,Sierra Leone,UN,1997,2010,14,0,,1,0,0,1,0,"end_war,prevent_war","success_total,success_total"
850,Sierra Leone,UN,2000,2003,4,1,exp_part,0,0,0,0,0,end_war,success_total
851,Sierra Leone,US,2017,2019,3,0,,0,0,0,1,0,policy_change,ongoing
852,Sierra Leone,US,2018,2019,2,1,"exp_part, imp_part",0,0,1,0,0,terrorism,ongoing
853,Singapore,Indonesia,1963,1966,4,1,"exp_part, imp_part",0,0,0,0,1,destab_regime,failed
854,Somalia,"EU, Turkey, Croatia, North Macedonia, Montenegro, Iceland, Albania, Bosnia and Herzegovina, Serbia, Liechtenstein, Norway, Ukraine, Moldova, Armenia",2002,2009,8,0,,1,0,0,0,0,"end_war,human_rights","failed,failed"
855,Somalia,"EU, Turkey, Croatia, North Macedonia, Montenegro, Iceland, Albania, Bosnia and Herzegovina, Serbia, Liechtenstein, Norway, Ukraine, Moldova, Armenia",2009,2019,11,0,,1,1,1,1,0,"end_war,human_rights","ongoing,ongoing"
856,Somalia,"EU, Turkey, Croatia, North Macedonia, Montenegro, Iceland, Albania, Bosnia and Herzegovina, Serbia, Liechtenstein, Norway, Ukraine, Moldova, Armenia",2012,2019,8,1,imp_part,0,0,0,0,0,"end_war,human_rights,terrorism","ongoing,ongoing,ongoing"
857,Somalia,Switzerland,2009,2019,11,1,imp_part,1,1,1,1,0,"end_war,human_rights","ongoing,ongoing"
858,Somalia,Switzerland,2013,2019,7,1,imp_part,0,0,0,0,0,"end_war,human_rights,terrorism","ongoing,ongoing,ongoing"
859,Somalia,UN,1992,2019,28,0,,1,0,0,0,0,"end_war,human_rights","ongoing,ongoing"
860,Somalia,UN,2008,2019,12,0,,1,1,1,1,0,"end_war,human_rights,prevent_war","ongoing,ongoing,ongoing"
861,Somalia,UN,2012,2019,8,1,imp_part,0,0,0,0,0,"end_war,human_rights,terrorism","ongoing,ongoing,ongoing"
862,Somalia,"UK, France, Italy",1988,1990,3,0,,0,0,1,0,0,human_rights,nego_settlement
863,Somalia,US,1988,1990,3,0,,0,1,1,0,0,human_rights,nego_settlement
864,Somalia,US,2010,2019,10,1,imp_part,0,0,1,0,0,"end_war,prevent_war","ongoing,ongoing"
865,Somalia,US,2012,2019,8,1,imp_part,0,0,0,0,0,"territorial_conflict,democracy,human_rights","ongoing,ongoing,ongoing"
866,Somalia,US,2017,2019,3,0,,0,0,0,1,0,terrorism,ongoing
867,South Africa,Australia,1985,1994,10,1,"exp_part, imp_part",1,0,1,0,0,policy_change,success_total
868,South Africa,Commonwealth,1985,1994,10,1,"exp_part, imp_part",0,1,1,0,1,policy_change,success_total
869,South Africa,Denmark,1975,1992,18,1,"exp_compl, imp_compl",0,0,1,0,0,policy_change,success_part
870,South Africa,Denmark,1986,1994,9,1,"exp_compl, imp_compl",0,0,0,0,0,policy_change,success_total
871,South Africa,"Denmark, Finland, Iceland, Norway, Sweden",1985,1994,10,1,"exp_part, imp_part",1,0,1,0,0,policy_change,success_total
872,South Africa,EU,1985,1992,8,1,imp_part,0,0,0,0,0,"policy_change,prevent_war","success_part,success_total"
873,South Africa,EU,1986,1994,9,1,imp_part,0,1,1,0,0,policy_change,success_total
874,South Africa,France,1985,1994,10,0,,0,0,1,0,0,human_rights,success_total
875,South Africa,France,1986,1994,9,0,,1,0,0,0,0,policy_change,success_total
876,South Africa,India,1964,1993,30,1,"exp_compl, imp_compl",0,0,0,0,1,policy_change,success_total
877,South Africa,Japan,1964,1994,31,0,,0,0,1,0,0,policy_change,success_total
878,South Africa,Japan,1986,1994,9,1,"exp_part, imp_part",0,0,0,1,1,policy_change,success_total
879,South Africa,League of Arab States,1973,1974,2,1,exp_part,0,0,0,0,0,policy_change,failed
880,South Africa,"Norway, Sweden",1987,1993,7,1,"exp_compl, imp_compl",0,0,1,0,0,policy_change,success_total
881,South Africa,Organisation of African Unity,1973,1974,2,1,exp_compl,0,0,0,0,0,policy_change,failed
882,South Africa,Sweden,1979,1993,15,0,,0,0,1,0,0,policy_change,nego_settlement
883,South Africa,Switzerland,1963,1994,32,1,exp_part,1,0,0,0,0,policy_change,success_total
884,South Africa,Switzerland,1978,1994,17,0,,0,0,1,0,0,policy_change,success_total
885,South Africa,UN,1963,1977,15,0,,1,0,0,0,0,policy_change,failed
886,South Africa,UN,1977,1994,18,0,,1,1,0,0,0,"policy_change,prevent_war","success_total,success_total"
887,South Africa,UN,1984,1994,11,0,,1,0,0,0,0,"policy_change,prevent_war","success_total,success_total"
888,South Africa,UN,1986,1994,9,1,exp_part,0,0,0,0,0,"policy_change,democracy,human_rights","success_total,success_total,success_total"
889,South Africa,UK,1964,1994,31,0,,1,0,0,0,0,policy_change,success_total
890,South Africa,UK,1986,1990,5,0,,0,0,1,0,0,policy_change,failed
891,South Africa,US,1963,1998,36,0,,1,0,0,0,0,policy_change,success_total
892,South Africa,US,1975,1982,8,1,exp_part,0,0,0,0,0,prevent_war,failed
893,South Africa,US,1985,1994,10,1,"exp_part, imp_part",0,0,0,0,0,policy_change,success_total
894,South Africa,US,2019,2019,1,0,,0,0,1,0,0,policy_change,ongoing
895,South Korea,US,1961,1961,1,0,,0,0,1,0,0,"democracy,human_rights","success_total,success_total"
896,South Korea,US,1973,1977,5,0,,0,1,1,0,0,human_rights,failed
897,South Sudan,Canada,2014,2019,6,0,,0,0,1,0,0,"human_rights,end_war","ongoing,ongoing"
898,South Sudan,EU,2014,2019,6,0,,0,0,1,1,0,"territorial_conflict,end_war","ongoing,ongoing"
899,South Sudan,"EU, Turkey, Croatia, North Macedonia, Montenegro, Iceland, Albania, Serbia, Liechtenstein, Norway, Armenia",2011,2019,9,0,,1,1,1,1,0,"human_rights,end_war","ongoing,ongoing"
900,South Sudan,US,2014,2019,6,0,,0,0,1,1,0,"human_rights,prevent_war,end_war","ongoing,ongoing,ongoing"
901,South Sudan,US,2018,2019,2,0,,1,0,0,0,0,"territorial_conflict,end_war","ongoing,ongoing"
902,Sri Lanka,US,1963,1965,3,0,,0,0,1,0,0,policy_change,success_total
903,Sri Lanka,US,2012,2019,8,1,"exp_part, imp_part",0,0,1,0,0,terrorism,ongoing
904,Sudan,EU,1990,2005,16,0,,0,0,1,0,0,human_rights,failed
905,Sudan,EU,2004,2005,2,0,,1,1,0,0,0,end_war,failed
906,Sudan,"EU, Turkey, Croatia, North Macedonia, Montenegro, Iceland, Albania, Serbia, Liechtenstein, Norway, Armenia",1994,2004,11,0,,1,0,0,0,0,end_war,failed
907,Sudan,"EU, Turkey, Croatia, North Macedonia, Montenegro, Iceland, Albania, Serbia, Liechtenstein, Norway, Armenia",2005,2019,15,0,,1,1,1,1,0,"end_war,human_rights","ongoing,ongoing"
908,Sudan,UN,1996,2001,6,0,,0,0,0,1,1,"other,terrorism","success_total,success_total"
909,Sudan,UN,2004,2019,16,0,,1,1,0,0,0,"human_rights,end_war","ongoing,ongoing"
910,Sudan,UN,2005,2019,15,0,,0,0,1,1,0,"human_rights,end_war","ongoing,ongoing"
911,Sudan,UN,2010,2019,10,0,,0,1,0,0,0,"human_rights,end_war","ongoing,ongoing"
912,Sudan,US,1989,2019,31,0,,0,0,1,0,0,democracy,ongoing
913,Sudan,US,1991,2019,29,0,,0,1,1,0,0,human_rights,ongoing
914,Sudan,US,1992,2019,28,0,,1,0,0,0,0,"territorial_conflict,end_war","ongoing,ongoing"
915,Sudan,US,1993,2019,27,0,,0,0,1,0,0,terrorism,ongoing
916,Sudan,US,1997,2019,23,1,"exp_compl, imp_compl",0,0,1,0,0,terrorism,ongoing
917,Sudan,US,2006,2017,12,1,"exp_part, imp_part",0,0,1,1,0,"human_rights,end_war","success_part,failed"
918,Sudan,US,2006,2019,14,1,exp_part,0,0,1,0,0,"territorial_conflict,end_war","ongoing,ongoing"
919,Sudan,US,2017,2017,1,0,,0,0,0,1,0,terrorism,failed
920,Suriname,Netherlands,1982,1988,7,0,,0,0,1,0,0,"democracy,human_rights","success_total,success_total"
921,Suriname,Netherlands,1990,1991,2,0,,0,0,1,0,0,democracy,nego_settlement
922,Suriname,Netherlands,1998,2000,3,0,,0,0,1,0,0,"democracy,human_rights","success_total,success_total"
923,Suriname,US,1982,1988,7,0,,0,0,1,0,0,"democracy,human_rights","success_total,success_total"
924,Suriname,Venezuela,1990,1991,2,1,"exp_compl, imp_compl",0,0,0,0,1,"democracy,human_rights","success_part,success_part"
925,Sweden,US,1968,1970,3,0,,0,0,0,0,1,policy_change,failed
926,Switzerland,Libya,2010,2011,2,1,"exp_compl, imp_compl",0,0,0,0,0,policy_change,failed
927,Switzerland,US,1951,1951,1,1,imp_part,0,0,0,0,0,policy_change,nego_settlement
928,Syria,Australia,2011,2019,9,1,"exp_part, imp_part",1,1,1,1,0,human_rights,ongoing
929,Syria,Canada,2011,2019,9,1,"exp_part, imp_part",0,0,1,0,0,human_rights,ongoing
930,Syria,Canada,2012,2019,8,1,exp_part,0,0,1,1,0,"human_rights,destab_regime","ongoing,ongoing"
931,Syria,Canada,2013,2019,7,1,exp_part,0,0,0,0,0,human_rights,ongoing
932,Syria,EU,1986,1992,7,0,,1,0,0,0,0,terrorism,ongoing
933,Syria,EU,1992,1994,3,0,,1,0,0,0,0,terrorism,nego_settlement
934,Syria,"EU, Croatia, North Macedonia, Montenegro, Iceland, Albania, Serbia, Liechtenstein, Norway, Moldova",2011,2013,3,1,"exp_part, imp_part",1,1,1,1,0,"human_rights,end_war","failed,failed"
935,Syria,"EU, Croatia, North Macedonia, Montenegro, Iceland, Albania, Serbia, Liechtenstein, Norway, Moldova",2013,2019,7,1,"exp_part, imp_part",1,0,1,0,0,"human_rights,end_war","ongoing,ongoing"
936,Syria,League of Arab States,2011,2019,9,1,"exp_part, imp_part",1,0,1,1,1,human_rights,ongoing
937,Syria,OIC,2012,2019,8,0,,0,0,0,0,1,human_rights,ongoing
938,Syria,Switzerland,2011,2012,2,1,exp_part,1,1,1,1,0,human_rights,failed
939,Syria,Switzerland,2012,2019,8,1,exp_part,1,1,1,1,1,"human_rights,end_war","ongoing,ongoing"
940,Syria,UN,2005,2007,3,0,,0,0,1,1,0,"terrorism,policy_change","failed,success_total"
941,Syria,US,1986,1987,2,1,exp_part,0,0,1,0,1,terrorism,success_part
942,Syria,US,2004,2019,16,1,"exp_part, imp_part",0,0,1,0,1,"terrorism,end_war,prevent_war","ongoing,ongoing,ongoing"
943,Syria,US,2006,2019,14,0,,0,0,1,0,0,terrorism,ongoing
944,Syria,US,2011,2019,9,1,"exp_part, imp_part",0,0,1,0,0,"human_rights,destab_regime","ongoing,ongoing"
945,Syria,US,2017,2019,3,0,,0,0,0,1,0,terrorism,ongoing
946,"Syria, Russia, Iran",US,2019,2019,1,0,,0,0,1,1,0,"end_war,human_rights","ongoing,ongoing"
947,Taiwan,US,1950,1953,4,0,,0,0,0,0,1,prevent_war,success_total
948,Taiwan,US,1976,1977,2,1,exp_part,0,0,0,0,0,prevent_war,success_total
949,Taiwan,US,1994,1995,2,1,imp_part,0,0,0,0,0,policy_change,success_part
950,Taiwan,US,2013,2019,7,1,"exp_part, imp_part",0,0,1,0,0,policy_change,ongoing
951,Tajikistan,Uzbekistan,2009,2009,1,1,exp_part,0,0,0,0,0,other,failed
952,Tajikistan,Uzbekistan,2010,2010,1,1,exp_part,0,0,0,0,0,other,failed
953,Tajikistan,Uzbekistan,2012,2012,1,1,exp_part,0,0,0,0,0,other,failed
954,Tanzania,"Canada, EU, Japan, Norway",2014,2015,2,0,,0,0,1,0,0,other,success_part
955,Tanzania,Denmark,2018,2019,2,0,,0,0,1,0,0,other,ongoing
956,Tanzania,EU,2018,2019,2,0,,0,0,1,0,1,human_rights,ongoing
957,Tanzania,US,2016,2016,1,0,,0,0,1,0,0,"democracy,human_rights","success_total,success_total"
958,Terrorist Organizations (Al-Qaeda),UN,2011,2019,9,0,,1,1,1,1,0,terrorism,ongoing
959,Terrorist Organizations (ISIL and ANF),UN,2014,2019,6,0,,1,1,1,1,0,terrorism,ongoing
960,Terrorist Organizations (Taliban and Al-Qaeda),UN,2002,2011,10,0,,1,1,1,1,0,terrorism,failed
961,Terrorist Organizations (Taliban),UN,2011,2019,9,0,,1,1,1,1,0,terrorism,ongoing
962,Thailand,EU,2014,2017,4,0,,0,0,0,0,1,"democracy,human_rights","success_total,success_total"
963,Thailand,US,1991,1992,2,0,,0,1,1,0,0,democracy,success_total
964,Thailand,US,2006,2008,3,0,,0,1,0,0,0,"democracy,human_rights","success_total,success_total"
965,"Thailand, Vietnam",Cambodia,2004,2007,4,1,imp_part,0,0,0,0,0,other,success_total
966,Togo,African Union,2005,2005,1,0,,1,0,0,0,1,democracy,success_total
967,Togo,ECOWAS,2005,2005,1,0,,1,0,0,1,1,democracy,success_total
968,Togo,EU,1993,2007,15,0,,0,0,1,0,0,"democracy,human_rights","success_total,success_total"
969,Togo,France,1992,1994,3,0,,0,1,0,0,0,"democracy,other","failed,failed"
970,Togo,France,1993,2008,16,0,,0,0,1,0,0,"human_rights,democracy,end_war","success_total,success_total,success_total"
971,Togo,Germany,1993,2011,19,0,,0,0,1,0,0,democracy,success_total
972,Togo,Japan,1993,1996,4,0,,0,0,1,0,0,democracy,failed
973,Togo,Nigeria,2005,2005,1,0,,0,0,0,0,1,democracy,nego_settlement
974,Togo,US,1992,2019,28,0,,0,1,1,0,0,"democracy,human_rights","ongoing,ongoing"
975,Tunisia,Canada,2011,2019,9,0,,0,0,1,0,0,other,ongoing
976,Tunisia,"EU, Croatia, North Macedonia, Montenegro, Iceland, Albania, Bosnia and Herzegovina, Serbia, Liechtenstein, Norway, Moldova, Armenia",2011,2019,9,0,,0,0,1,0,0,other,ongoing
977,Tunisia,France,1957,1963,7,0,,0,0,1,0,0,policy_change,failed
978,Tunisia,France,1964,1966,3,1,imp_part,0,0,1,0,0,other,nego_settlement
979,Tunisia,Switzerland,2011,2019,9,0,,0,0,1,0,0,other,ongoing
980,Turkey,EU,1981,1986,6,0,,0,0,1,0,0,democracy,success_total
981,Turkey,EU,2019,2019,1,0,,0,0,1,0,0,policy_change,ongoing
982,Turkey,Germany,1981,1982,2,0,,0,0,1,0,0,democracy,nego_settlement
983,Turkey,Greece,1986,1999,14,0,,0,0,1,0,0,"territorial_conflict,human_rights","success_part,success_part"
984,Turkey,US,1974,1978,5,1,"exp_compl, imp_compl",0,0,0,0,0,policy_change,failed
985,Turkey,US,1975,1978,4,0,,0,1,0,0,0,end_war,failed
986,Turkey,US,2018,2018,1,1,"exp_part, imp_part",0,0,1,1,0,"democracy,human_rights,other","success_total,success_total,success_total"
987,Turkmenistan,Russia,1992,1992,1,1,exp_part,0,0,0,0,0,"human_rights,policy_change","success_part,success_total"
988,Turkmenistan,Russia,1993,1995,3,1,imp_part,0,0,0,0,0,policy_change,nego_settlement
989,Turkmenistan,Russia,1991,1991,1,1,exp_part,0,0,0,0,0,"human_rights,policy_change","ongoing,ongoing"
990,Uganda,Sweden,2014,2014,1,0,,0,0,1,0,0,other,success_total
991,Uganda,UK,1972,1979,8,0,,0,0,1,0,0,human_rights,success_total
992,Uganda,UK,1979,1979,1,1,exp_part,0,0,0,0,0,"human_rights,end_war","success_total,success_total"
993,Uganda,"UK, Norway, Ireland, Netherlands, Sweden",2005,2007,3,0,,0,0,1,0,0,human_rights,success_part
994,Uganda,US,1978,1979,2,1,"exp_compl, imp_compl",0,0,0,0,0,human_rights,success_total
995,UK,Spain,1954,1984,31,0,,0,0,0,1,0,territorial_conflict,nego_settlement
996,UK,Spain,1964,1984,21,1,exp_part,0,0,0,0,0,territorial_conflict,nego_settlement
997,UK,Spain,1965,1984,20,1,exp_part,0,0,0,0,0,"territorial_conflict,policy_change","failed,failed"
998,UK,Spain,1966,1984,19,0,,0,0,0,0,1,territorial_conflict,nego_settlement
999,UK,Spain,1969,1984,16,1,"exp_compl, imp_compl",0,0,0,0,0,territorial_conflict,nego_settlement
1000,UK,Argentina,1982,1983,2,0,,0,0,1,0,0,territorial_conflict,failed
1001,UK,Argentina,1982,1989,8,1,imp_compl,0,0,0,0,0,territorial_conflict,failed
1002,UK,League of Arab States,1973,1974,2,1,exp_part,0,0,0,0,0,policy_change,failed
1003,UK,Spain,1966,1984,19,0,,0,0,0,0,1,territorial_conflict,failed
1004,Ukraine,Australia,2014,2019,6,0,,0,0,1,1,0,policy_change,ongoing
1005,Ukraine,Canada,2014,2019,6,1,"exp_part, imp_part",0,0,1,1,1,policy_change,ongoing
1006,Ukraine,"EU, Montenegro, Iceland, Albania, Liechtenstein, Norway, Moldova",2014,2014,1,1,exp_part,0,0,1,1,0,human_rights,success_total
1007,Ukraine,"EU, Montenegro, Iceland, Albania, Liechtenstein, Norway, Moldova",2014,2019,6,1,"exp_part, imp_part",0,0,1,1,1,policy_change,ongoing
1008,Ukraine,Japan,2014,2019,6,1,imp_part,1,1,1,1,0,policy_change,ongoing
1009,Ukraine,Russia,1993,1996,4,1,exp_part,0,0,0,0,0,territorial_conflict,nego_settlement
1010,Ukraine,Russia,1995,1996,2,1,imp_part,0,0,0,0,0,territorial_conflict,nego_settlement
1011,Ukraine,Russia,2006,2006,1,1,exp_part,0,0,0,0,0,policy_change,failed
1012,Ukraine,Russia,2009,2009,1,1,exp_part,0,0,0,0,0,policy_change,failed
1013,Ukraine,Russia,2014,2014,1,1,exp_part,0,0,0,0,0,policy_change,failed
1014,Ukraine,Vietnam,2015,2018,4,1,imp_part,0,0,0,0,0,other,success_total
1015,Ukraine,Switzerland,2014,2014,1,0,,0,0,1,0,0,human_rights,success_total
1016,Ukraine,Switzerland,2014,2019,6,1,"exp_part, imp_part",1,0,1,0,0,policy_change,ongoing
1017,Ukraine,US,2014,2019,6,1,"exp_part, imp_part",0,0,1,1,0,policy_change,ongoing
1018,Uruguay,US,1977,1977,1,1,exp_part,0,0,0,0,0,human_rights,failed
1019,Uruguay,US,1977,1981,5,0,,0,1,1,0,0,human_rights,success_total
1020,US,Brazil,1977,1984,8,0,,0,1,1,0,0,policy_change,success_total
1021,US,Brazil,2003,2016,14,1,imp_part,0,0,0,0,0,other,success_total
1022,US,Canada,2003,2006,4,1,imp_part,0,0,0,0,0,other,success_total
1023,US,Japan,2003,2013,11,1,imp_part,0,0,0,0,0,other,success_total
1024,US,League of Arab States,1973,1974,2,1,exp_part,0,0,0,0,0,policy_change,failed
1025,US,Russia,2014,2019,6,1,imp_part,0,0,0,0,0,policy_change,ongoing
1026,Uzbekistan,EU,2005,2009,5,1,exp_part,1,1,0,1,0,human_rights,success_part
1027,Uzbekistan,Switzerland,2006,2009,4,1,exp_part,1,1,0,1,0,human_rights,success_part
1028,Uzbekistan,US,2003,2012,10,0,,0,1,0,0,0,human_rights,failed
1029,Venezuela,Canada,2017,2019,3,0,,0,0,1,1,0,"democracy,human_rights","ongoing,ongoing"
1030,Venezuela,"EU, North Macedonia, Montenegro, Albania, Bosnia and Herzegovina, Iceland, Liechtenstein, Norway, Moldova, Georgia",2017,2019,3,1,exp_part,1,1,1,1,0,"democracy,human_rights","ongoing,ongoing"
1031,Venezuela,Peru,2017,2019,3,0,,0,0,0,0,1,"democracy,human_rights","ongoing,ongoing"
1032,Venezuela,Switzerland,2018,2019,2,1,exp_part,1,0,1,1,0,"democracy,human_rights","ongoing,ongoing"
1033,Venezuela,US,2006,2019,14,0,,1,0,0,0,0,policy_change,ongoing
1034,Venezuela,US,2015,2019,5,1,"exp_part, imp_part",0,0,1,1,0,human_rights,ongoing
1035,Venezuela,US,2017,2019,3,0,,0,0,0,1,0,terrorism,ongoing
1036,Venezuela,US,2017,2019,3,0,,0,0,1,0,0,"democracy,human_rights","ongoing,ongoing"
1037,Venezuela,US,2019,2019,1,0,,0,0,1,0,1,"human_rights,democracy","ongoing,ongoing"
1038,Vietnam,Vietnam,1954,1976,23,1,"exp_compl, imp_compl",0,0,0,1,0,territorial_conflict,failed
1039,Vietnam,US,1954,1964,11,1,exp_compl,0,0,0,0,0,destab_regime,failed
1040,Vietnam,US,1964,1975,12,1,"exp_compl, imp_compl",0,0,1,0,0,destab_regime,failed
1041,Vietnam,Australia,1979,1983,5,0,,0,0,1,0,0,"end_war,policy_change","failed,failed"
1042,Vietnam,Cambodia,1977,1988,12,0,,0,0,0,0,1,territorial_conflict,success_total
1043,Vietnam,China,1978,1988,11,1,"exp_compl, imp_compl",0,0,1,1,0,territorial_conflict,success_part
1044,Vietnam,China,1978,1991,14,0,,0,0,0,0,1,"policy_change,end_war","success_total,success_total"
1045,Vietnam,EU,1979,1979,1,0,,0,0,1,0,0,end_war,failed
1046,Vietnam,France,1978,1981,4,0,,0,0,1,0,0,"policy_change,end_war","failed,failed"
1047,Vietnam,France,1981,1989,9,0,,0,0,1,0,0,"policy_change,end_war","success_total,success_total"
1048,Vietnam,"Germany, Denmark",1979,1979,1,0,,0,0,1,0,0,policy_change,failed
1049,Vietnam,Japan,1979,1992,14,0,,0,0,1,0,0,end_war,success_total
1050,Vietnam,US,1963,1963,1,0,,0,1,1,0,0,human_rights,success_total
1051,Vietnam,US,1975,1976,2,1,"exp_compl, imp_compl",0,0,1,0,0,destab_regime,failed
1052,Vietnam,US,1976,1994,19,1,"exp_compl, imp_compl",0,0,1,0,0,destab_regime,failed
1053,Vietnam,US,1976,1998,23,0,,0,0,1,0,0,destab_regime,nego_settlement
1054,Vietnam,US,1994,1998,5,0,,0,0,1,0,0,other,success_total
1055,Vietnam,US,2007,2016,10,0,,1,0,0,0,0,"prevent_war,human_rights","nego_settlement,nego_settlement"
1056,Western countries,OAPEC,1973,1974,2,1,exp_part,0,0,0,0,0,policy_change,failed
1057,Yemen,EU,2015,2019,5,0,,1,1,1,1,0,"end_war,terrorism,human_rights","ongoing,ongoing,ongoing"
1058,Yemen,"Saudi Arabia, Kuwait",1990,1991,2,0,,0,0,1,0,0,policy_change,success_total
1059,Yemen,UN,2014,2019,6,0,,0,0,1,1,0,"end_war,terrorism,human_rights","ongoing,ongoing,ongoing"
1060,Yemen,UN,2015,2019,5,0,,1,1,0,0,0,"end_war,terrorism,human_rights","ongoing,ongoing,ongoing"
1061,Yemen,UK,1990,1990,1,0,,0,0,1,0,0,policy_change,success_total
1062,Yemen,US,1990,1991,2,0,,0,1,1,0,0,policy_change,success_total
1063,Yemen,US,2012,2019,8,0,,0,0,1,0,0,prevent_war,ongoing
1064,Yemen,US,2017,2019,3,0,,0,0,0,1,0,terrorism,ongoing
1065,Yugoslavia,"Cominform, Russia",1950,1955,6,1,"exp_compl, imp_compl",0,0,0,0,0,policy_change,success_part
1066,Yugoslavia,EU,1991,1992,2,0,,1,0,1,0,0,end_war,failed
1067,Yugoslavia,EU,1992,2006,15,0,,1,0,0,0,0,end_war,success_total
1068,Yugoslavia,EU,1998,2001,4,1,"exp_part, imp_part",0,0,1,1,0,"end_war,human_rights,terrorism","success_total,success_total,success_total"
1069,Yugoslavia,EU,1999,2000,2,1,exp_part,0,0,0,0,0,"end_war,human_rights,terrorism","success_part,success_part,success_part"
1070,Yugoslavia,EU,2000,2014,15,0,,0,0,1,1,0,democracy,success_total
1071,Yugoslavia,EU,2003,2019,17,0,,0,0,1,0,0,democracy,ongoing
1072,Yugoslavia,Germany,1957,1968,12,0,,0,0,0,0,1,policy_change,success_part
1073,Yugoslavia,Russia,1958,1960,3,0,,0,0,1,0,0,policy_change,failed
1074,Yugoslavia,Switzerland,1999,2001,3,0,,1,1,1,0,0,end_war,success_total
1075,Yugoslavia,Switzerland,2001,2016,16,0,,0,0,1,0,0,democracy,success_total
1076,Yugoslavia,UN,1991,1996,6,0,,1,0,0,0,0,end_war,success_total
1077,Yugoslavia,UN,1992,1996,5,1,"exp_compl, imp_compl",0,1,1,1,1,end_war,success_total
1078,Yugoslavia,UN,1998,2001,4,0,,1,1,0,0,0,"end_war,human_rights","success_total,success_total"
1079,Yugoslavia,US,1991,1991,1,0,,0,0,1,0,0,human_rights,failed
1080,Yugoslavia,US,1991,1996,6,0,,1,0,1,0,0,end_war,success_total
1081,Yugoslavia,US,1998,2001,4,0,,0,0,1,0,0,human_rights,success_total
1082,Yugoslavia,US,1999,2000,2,1,exp_part,0,0,0,0,0,human_rights,success_part
1083,Zambia,"UK, Denmark, Sweden, Norway, Netherlands, Japan",1996,1998,3,0,,0,0,1,0,0,democracy,success_part
1084,Zambia,US,1996,1998,3,0,,0,0,1,0,0,democracy,success_part
1085,Zimbabwe,"Denmark, Norway, Canada, Australia, Switzerland, Germany",1966,1979,14,1,"exp_part, imp_part",1,0,0,0,0,democracy,success_total
1086,Zimbabwe,League of Arab States,1973,1974,2,1,exp_part,0,0,0,0,0,destab_regime,failed
1087,Zimbabwe,Organisation of African Unity,1973,1974,2,1,exp_compl,0,0,0,0,0,destab_regime,failed
1088,Zimbabwe,UN,1966,1979,14,1,"exp_part, imp_part",1,0,0,0,0,democracy,success_total
1089,Zimbabwe,UN,1968,1979,12,1,"exp_compl, imp_compl",1,0,1,1,1,democracy,success_total
1090,Zimbabwe,UK,1965,1966,2,1,"exp_part, imp_part",0,0,1,0,0,territorial_conflict,nego_settlement
1091,Zimbabwe,UK,1966,1979,14,1,"exp_compl, imp_part",0,0,1,0,1,territorial_conflict,nego_settlement
1092,Zimbabwe,US,1967,1979,13,1,"exp_part, imp_part",1,0,0,0,0,democracy,success_total
1093,Zimbabwe,Australia,2002,2019,18,0,,1,1,1,1,0,democracy,ongoing
1094,Zimbabwe,Canada,2008,2019,12,0,,1,1,1,0,1,democracy,ongoing
1095,Zimbabwe,Commonwealth,2002,2003,2,0,,0,0,0,0,1,democracy,failed
1096,Zimbabwe,"EU, Turkey, Croatia, North Macedonia, Montenegro, Iceland, Albania, Bosnia and Herzegovina, Liechtenstein, Norway, Ukraine, Moldova, Armenia, Georgia, Serbia",2002,2019,18,1,exp_part,1,1,1,1,0,"democracy,human_rights","ongoing,ongoing"
1097,Zimbabwe,Switzerland,2002,2019,18,1,exp_part,1,1,1,1,0,"democracy,human_rights","ongoing,ongoing"
1098,Zimbabwe,UK,2002,2009,8,0,,0,0,1,0,0,"democracy,human_rights","success_part,success_part"
1099,Zimbabwe,UK,2002,2019,18,1,exp_part,0,1,0,0,0,"democracy,human_rights","ongoing,ongoing"
1100,Zimbabwe,US,1983,1987,5,0,,0,0,1,0,0,policy_change,nego_settlement
1101,Zimbabwe,US,2003,2019,17,0,,0,0,1,0,0,"democracy,human_rights","ongoing,ongoing"